-- --------------------------------------------------------
-- Host:                         127.0.0.1
-- Server version:               10.4.22-MariaDB - mariadb.org binary distribution
-- Server OS:                    Win64
-- HeidiSQL Version:             11.3.0.6295
-- --------------------------------------------------------

/*!40101 SET @OLD_CHARACTER_SET_CLIENT=@@CHARACTER_SET_CLIENT */;
/*!40101 SET NAMES utf8 */;
/*!50503 SET NAMES utf8mb4 */;
/*!40014 SET @OLD_FOREIGN_KEY_CHECKS=@@FOREIGN_KEY_CHECKS, FOREIGN_KEY_CHECKS=0 */;
/*!40101 SET @OLD_SQL_MODE=@@SQL_MODE, SQL_MODE='NO_AUTO_VALUE_ON_ZERO' */;
/*!40111 SET @OLD_SQL_NOTES=@@SQL_NOTES, SQL_NOTES=0 */;

-- Dumping structure for table db_cozyhome.bs_access
CREATE TABLE IF NOT EXISTS `bs_access` (
  `acc_id` int(150) NOT NULL AUTO_INCREMENT,
  `uid` varchar(100) DEFAULT NULL,
  `user` int(1) NOT NULL DEFAULT 0,
  `user_list` int(1) NOT NULL DEFAULT 0,
  `user_add` int(1) NOT NULL DEFAULT 0,
  `user_edit` int(1) NOT NULL DEFAULT 0,
  `user_delete` int(1) NOT NULL DEFAULT 0,
  `settings` int(1) NOT NULL DEFAULT 0,
  `logs` int(1) NOT NULL DEFAULT 0,
  PRIMARY KEY (`acc_id`)
) ENGINE=InnoDB AUTO_INCREMENT=8 DEFAULT CHARSET=latin1;

-- Dumping data for table db_cozyhome.bs_access: ~2 rows (approximately)
/*!40000 ALTER TABLE `bs_access` DISABLE KEYS */;
INSERT INTO `bs_access` (`acc_id`, `uid`, `user`, `user_list`, `user_add`, `user_edit`, `user_delete`, `settings`, `logs`) VALUES
	(5, '4f284803bd0966cc24fa8683a34afc6e', 1, 1, 1, 1, 1, 1, 1),
	(6, 'c44e503833b64e9f27197a484f4257c0', 0, 0, 0, 0, 0, 0, 0),
	(7, '82c2559140b95ccda9c6ca4a8b981f1e', 0, 0, 0, 0, 0, 0, 0);
/*!40000 ALTER TABLE `bs_access` ENABLE KEYS */;

-- Dumping structure for table db_cozyhome.bs_page
CREATE TABLE IF NOT EXISTS `bs_page` (
  `p_id` int(10) NOT NULL AUTO_INCREMENT,
  `page` int(11) DEFAULT NULL,
  `is_deleted` int(1) DEFAULT NULL,
  PRIMARY KEY (`p_id`)
) ENGINE=InnoDB AUTO_INCREMENT=2 DEFAULT CHARSET=latin1;

-- Dumping data for table db_cozyhome.bs_page: ~0 rows (approximately)
/*!40000 ALTER TABLE `bs_page` DISABLE KEYS */;
INSERT INTO `bs_page` (`p_id`, `page`, `is_deleted`) VALUES
	(1, 1, 0);
/*!40000 ALTER TABLE `bs_page` ENABLE KEYS */;

-- Dumping structure for table db_cozyhome.bs_setting
CREATE TABLE IF NOT EXISTS `bs_setting` (
  `setting_id` int(10) unsigned NOT NULL AUTO_INCREMENT,
  `directory` varchar(100) NOT NULL DEFAULT '',
  `admin_dir` varchar(70) NOT NULL,
  `system_title` varchar(100) NOT NULL DEFAULT '',
  `abrv` varchar(70) NOT NULL DEFAULT '',
  `year_developed` year(4) NOT NULL,
  `description` text NOT NULL,
  `developer` varchar(100) NOT NULL,
  `website` varchar(100) NOT NULL,
  PRIMARY KEY (`setting_id`)
) ENGINE=MyISAM AUTO_INCREMENT=1014 DEFAULT CHARSET=latin1;

-- Dumping data for table db_cozyhome.bs_setting: 1 rows
/*!40000 ALTER TABLE `bs_setting` DISABLE KEYS */;
INSERT INTO `bs_setting` (`setting_id`, `directory`, `admin_dir`, `system_title`, `abrv`, `year_developed`, `description`, `developer`, `website`) VALUES
	(1001, 'cozyhome', 'cozyhome/admin', 'project', 'TO', '2023', '', 'Trident Technology', 'www.tridentechnology.com');
/*!40000 ALTER TABLE `bs_setting` ENABLE KEYS */;

-- Dumping structure for table db_cozyhome.bs_user
CREATE TABLE IF NOT EXISTS `bs_user` (
  `user_id` int(10) unsigned NOT NULL AUTO_INCREMENT,
  `firstname` varchar(100) NOT NULL DEFAULT '',
  `middlename` varchar(100) NOT NULL DEFAULT '',
  `lastname` varchar(100) NOT NULL DEFAULT '',
  `email` varchar(100) DEFAULT '',
  `position` varchar(100) DEFAULT '',
  `contactnum` varchar(100) DEFAULT '',
  `address` text DEFAULT NULL,
  `username` varchar(100) NOT NULL DEFAULT '',
  `password` varchar(32) NOT NULL DEFAULT '',
  `pass_text` varchar(200) NOT NULL DEFAULT '',
  `image` varchar(200) NOT NULL DEFAULT '',
  `thumbnail` varchar(200) NOT NULL DEFAULT '',
  `is_admin` tinyint(1) NOT NULL DEFAULT 0,
  `access_level` int(10) NOT NULL DEFAULT 0,
  `is_user` int(1) NOT NULL DEFAULT 0,
  `is_essentials` int(1) NOT NULL DEFAULT 0,
  `is_user_add` int(1) NOT NULL DEFAULT 0,
  `is_user_modify` int(1) NOT NULL DEFAULT 0,
  `is_user_delete` int(1) NOT NULL DEFAULT 0,
  `is_report` int(1) NOT NULL DEFAULT 0,
  `date_added` varchar(50) DEFAULT NULL,
  `added_by` int(10) NOT NULL DEFAULT 0,
  `date_modified` varchar(50) DEFAULT NULL,
  `modified_by` int(10) NOT NULL DEFAULT 0,
  `date_deleted` varchar(50) DEFAULT NULL,
  `deleted_by` int(10) NOT NULL DEFAULT 0,
  `is_deleted` tinyint(1) NOT NULL DEFAULT 0,
  `is_active` tinyint(1) NOT NULL DEFAULT 0,
  `last_login` timestamp NOT NULL DEFAULT current_timestamp() ON UPDATE current_timestamp(),
  `last_logout` timestamp NOT NULL DEFAULT current_timestamp(),
  `uid` varchar(170) NOT NULL DEFAULT '',
  `is_test` tinyint(1) DEFAULT 0,
  PRIMARY KEY (`user_id`)
) ENGINE=MyISAM AUTO_INCREMENT=1190 DEFAULT CHARSET=latin1;

-- Dumping data for table db_cozyhome.bs_user: 3 rows
/*!40000 ALTER TABLE `bs_user` DISABLE KEYS */;
INSERT INTO `bs_user` (`user_id`, `firstname`, `middlename`, `lastname`, `email`, `position`, `contactnum`, `address`, `username`, `password`, `pass_text`, `image`, `thumbnail`, `is_admin`, `access_level`, `is_user`, `is_essentials`, `is_user_add`, `is_user_modify`, `is_user_delete`, `is_report`, `date_added`, `added_by`, `date_modified`, `modified_by`, `date_deleted`, `deleted_by`, `is_deleted`, `is_active`, `last_login`, `last_logout`, `uid`, `is_test`) VALUES
	(1002, 'Super Admin', '', 'Super Admin', 'admin', 'Senior Programmer', '123456789', 'Bacolod City', 'admin', '81dc9bdb52d04dc20036dbd8313ed055', '1234', '2bba929d092056000351e51da78e23be.png', 'e1f178d18ad4c37117985eab2f05b32f.png', 1, 1, 1, 1, 1, 1, 1, 1, '2022-11-09 19:09:24', 0, '2024-04-10 17:59:47', 1177, NULL, 0, 0, 1, '2024-10-15 02:22:47', '2024-10-11 06:56:16', 'fba9d88164f3e2d9109ee770223212a0', 0),
	(1187, 'Cozy', '', 'Home', 'cozyhome@gmail.com', 'Super Admin', '091654123', 'Bazket Bacolod', 'cozyhome@gmail.com', '81dc9bdb52d04dc20036dbd8313ed055', '1234', '4393ff49a4b75d754290acd7c5e38b85.jpg', '2749144ee25a8216d5da65a07d4db6ff.jpg', 0, 2, 0, 0, 0, 0, 0, 0, '2024-09-26 19:15:06', 1002, '2024-09-26 20:03:48', 1002, '2024-09-27 13:45:01', 1002, 0, 0, '2024-09-27 12:54:34', '2024-09-26 11:15:07', '4f284803bd0966cc24fa8683a34afc6e', 0),
	(1189, 'Benz', '', 'Lozada', 'benz@gmail.com', 'Admin', '09645665', 'Talisay City', 'benz@gmail.com', '81dc9bdb52d04dc20036dbd8313ed055', '1234', '10f9ac916f9138ee5a7d183e0cc1d7d5.jpg', '57386aceb3c3bad86b0729f6d0a2001f.jpg', 0, 2, 0, 0, 0, 0, 0, 0, '2024-09-27 13:53:24', 1002, NULL, 0, '2024-09-27 20:44:24', 1002, 1, 0, '2024-09-27 12:44:24', '2024-09-27 05:53:24', '82c2559140b95ccda9c6ca4a8b981f1e', 0);
/*!40000 ALTER TABLE `bs_user` ENABLE KEYS */;

-- Dumping structure for table db_cozyhome.tbl_aboutdetails
CREATE TABLE IF NOT EXISTS `tbl_aboutdetails` (
  `aboutTitle1` text DEFAULT NULL,
  `aboutTitle2` text DEFAULT NULL,
  `aboutDescription1` text DEFAULT NULL,
  `aboutDescription2` text DEFAULT NULL,
  `about1Img1` text DEFAULT NULL,
  `about1Img2` text DEFAULT NULL,
  `about2Img1` text DEFAULT NULL,
  `about2Img2` text DEFAULT NULL,
  `about2Img3` text DEFAULT NULL,
  `modified_by` int(50) DEFAULT NULL,
  `date_modified` varchar(50) CHARACTER SET latin1 DEFAULT NULL
) ENGINE=InnoDB DEFAULT CHARSET=utf8mb4;

-- Dumping data for table db_cozyhome.tbl_aboutdetails: ~0 rows (approximately)
/*!40000 ALTER TABLE `tbl_aboutdetails` DISABLE KEYS */;
INSERT INTO `tbl_aboutdetails` (`aboutTitle1`, `aboutTitle2`, `aboutDescription1`, `aboutDescription2`, `about1Img1`, `about1Img2`, `about2Img1`, `about2Img2`, `about2Img3`, `modified_by`, `date_modified`) VALUES
	('Insert your Head', 'Insert Your sub Heading Here', 'Lorem Ipsum is simply dummy text of the printing and typesetting industry. Lorem Ipsum has been the industry\'s standard dummy text ever since the 1500s, when an unknown printer took a galley of type and scrambled it to make a type specimen book. It has survived not only five centuries, but also the leap into electronic typesetting, remaining essentially unchanged. It was popularised in the 1960s with the release of Letraset sheets containing Lorem Ipsum passages, and more recently with desktop publishing software like Aldus PageMaker including versions of Lorem Ipsum.', 'Lorem Ipsum is simply dummy text of the printing and typesetting industry. Lorem Ipsum has been the industry\'s standard dummy text ever since the 1500s, when an unknown printer took a galley of type and scrambled it to make a type specimen book. It has survived not only five centuries, but also the leap into electronic typesetting, remaining essentially unchanged. It was popularised in the 1960s with the release of Letraset sheets containing Lorem Ipsum passages, and more recently with desktop publishing software like Aldus PageMaker including versions of Lorem Ipsum.', '20241010141619.jpg', '20241010141601.jpg', '20241010143631.jpg', '20241010143737.jpg', '20241010143748.jpg', 1002, '2024-10-10 14:37:48');
/*!40000 ALTER TABLE `tbl_aboutdetails` ENABLE KEYS */;

-- Dumping structure for table db_cozyhome.tbl_branch
CREATE TABLE IF NOT EXISTS `tbl_branch` (
  `branch_id` int(50) NOT NULL AUTO_INCREMENT,
  `branch_name` varchar(100) DEFAULT NULL,
  `longitude` varchar(100) DEFAULT NULL,
  `latitude` varchar(100) DEFAULT NULL,
  `address` text DEFAULT NULL,
  `date_added` varchar(50) DEFAULT NULL,
  `added_by` int(50) DEFAULT NULL,
  `date_modified` varchar(50) DEFAULT NULL,
  `modified_by` int(50) DEFAULT NULL,
  `date_deleted` varchar(50) DEFAULT NULL,
  `deleted_by` int(50) DEFAULT NULL,
  `is_deleted` int(1) DEFAULT 0,
  `uid` varchar(200) DEFAULT NULL,
  PRIMARY KEY (`branch_id`)
) ENGINE=InnoDB AUTO_INCREMENT=2 DEFAULT CHARSET=latin1;

-- Dumping data for table db_cozyhome.tbl_branch: ~0 rows (approximately)
/*!40000 ALTER TABLE `tbl_branch` DISABLE KEYS */;
INSERT INTO `tbl_branch` (`branch_id`, `branch_name`, `longitude`, `latitude`, `address`, `date_added`, `added_by`, `date_modified`, `modified_by`, `date_deleted`, `deleted_by`, `is_deleted`, `uid`) VALUES
	(1, 'Bacolod', '122.9584115590215', '10.691176497202617', 'Robinsons Bacolod, Lacson Street, Mahirup, Mandalagan, Bacolod, Western Visayas, 6100, Philippines', '2024-09-28 14:53:47', 1002, '2024-09-29 18:09:45', 1002, '2024-09-29 16:08:46', 1002, 0, 'c4ca4238a0b923820dcc509a6f75849b');
/*!40000 ALTER TABLE `tbl_branch` ENABLE KEYS */;

-- Dumping structure for table db_cozyhome.tbl_faq
CREATE TABLE IF NOT EXISTS `tbl_faq` (
  `faq_id` int(50) NOT NULL AUTO_INCREMENT,
  `faqQuestion` varchar(200) DEFAULT NULL,
  `faqAnswer` text DEFAULT NULL,
  `date_added` varchar(50) CHARACTER SET latin1 DEFAULT NULL,
  `added_by` int(50) DEFAULT NULL,
  `date_modified` varchar(50) CHARACTER SET latin1 DEFAULT NULL,
  `modified_by` int(50) DEFAULT NULL,
  `date_deleted` varchar(50) CHARACTER SET latin1 DEFAULT NULL,
  `deleted_by` int(50) DEFAULT NULL,
  `is_deleted` int(1) DEFAULT 0,
  PRIMARY KEY (`faq_id`)
) ENGINE=InnoDB AUTO_INCREMENT=21 DEFAULT CHARSET=utf8mb4;

-- Dumping data for table db_cozyhome.tbl_faq: ~5 rows (approximately)
/*!40000 ALTER TABLE `tbl_faq` DISABLE KEYS */;
INSERT INTO `tbl_faq` (`faq_id`, `faqQuestion`, `faqAnswer`, `date_added`, `added_by`, `date_modified`, `modified_by`, `date_deleted`, `deleted_by`, `is_deleted`) VALUES
	(16, 'What is Lorem Ipsum?', 'Lorem Ipsum is simply dummy text of the printing and typesetting industry. Lorem Ipsum has been the industry\\\'s standard dummy text ever since the 1500s, when an unknown printer took a galley of type and scrambled it to make a type specimen book. It has survived not only five centuries, but also the leap into electronic typesetting, remaining essentially unchanged. It was popularised in the 1960s with the release of Letraset sheets containing Lorem Ipsum passages, and more recently with desktop publishing software like Aldus PageMaker including versions of Lorem Ipsum.', '2024-10-10 15:09:35', 1002, NULL, NULL, NULL, NULL, 0),
	(17, 'What is your name?', 'hehehe', '2024-10-10 15:10:13', 1002, NULL, NULL, NULL, NULL, 0),
	(18, 'What is Lorem Ipsum', 'Lorem Ipsum is simply dummy text of the printing and typesetting industry. Lorem Ipsum has been the industry\\\'s standard dummy text ever since the 1500s, when an unknown printer took a galley of type and scrambled it to make a type specimen book. It has survived not only five centuries, but also the leap into electronic typesetting, remaining essentially unchanged. It was popularised in the 1960s with the release of Letraset sheets containing Lorem Ipsum passages, and more recently with desktop publishing software like Aldus PageMaker including versions of Lorem Ipsum.', '2024-10-10 15:10:45', 1002, NULL, NULL, NULL, NULL, 0),
	(19, 'Why?', 'Ti mu', '2024-10-10 15:25:14', 1002, NULL, NULL, '2024-10-11 09:52:08', 1002, 1),
	(20, '¿Qué es Lorem Ipsum?', 'Lorem Ipsum es simplemente el texto de relleno de las imprentas y archivos de texto. Lorem Ipsum ha sido el texto de relleno estándar de las industrias desde el año 1500, cuando un impresor (N. del T. persona que se dedica a la imprenta) desconocido usó una galería de textos y los mezcló de tal manera que logró hacer un libro de textos especimen. No sólo sobrevivió 500 años, sino que tambien ingresó como texto de relleno en documentos electrónicos, quedando esencialmente igual al original. Fue popularizado en los 60s con la creación de las hojas \\"Letraset\\", las cuales contenian pasajes de Lorem ', '2024-10-11 10:29:00', 1002, NULL, NULL, NULL, NULL, 0);
/*!40000 ALTER TABLE `tbl_faq` ENABLE KEYS */;

-- Dumping structure for table db_cozyhome.tbl_home
CREATE TABLE IF NOT EXISTS `tbl_home` (
  `main_image` varchar(100) DEFAULT NULL,
  `homeAboutUs` text DEFAULT NULL,
  `homeTitle` text DEFAULT NULL,
  `homeSub` text DEFAULT NULL,
  `homeDescription` text DEFAULT NULL,
  `image` varchar(100) DEFAULT NULL,
  `modified_by` varchar(50) DEFAULT NULL,
  `date_modified` varchar(50) DEFAULT NULL
) ENGINE=InnoDB DEFAULT CHARSET=utf8mb4;

-- Dumping data for table db_cozyhome.tbl_home: ~0 rows (approximately)
/*!40000 ALTER TABLE `tbl_home` DISABLE KEYS */;
INSERT INTO `tbl_home` (`main_image`, `homeAboutUs`, `homeTitle`, `homeSub`, `homeDescription`, `image`, `modified_by`, `date_modified`) VALUES
	('20241010202515.jpg', 'Lorem ipsum sit dolor amet sfsf sfdsf sdfo dsf sdfil hsflhg uoi iofdi ohdsiof dshf odsf sd;fisdkfhscfkvfvriosd;verpfesdjcblkf ifvjkhw hshfdslkjhjkchiudh dsiu hiufh dsiuf hfkjdhfkjdhui ', 'Sub Heading 1', 'Sub Heading 2', 'gfsk fds kdsf hdsfdsfksd fhs difd hdskfdsfjksdh iulhfl dsf  hdsifsdhfkjdf hhfdskfjshdfjdsfh h kh du', '20241010203838.jpg', '1002', '2024-10-10 20:38:38');
/*!40000 ALTER TABLE `tbl_home` ENABLE KEYS */;

-- Dumping structure for table db_cozyhome.tbl_room
CREATE TABLE IF NOT EXISTS `tbl_room` (
  `room_id` int(50) NOT NULL AUTO_INCREMENT,
  `branch_id` int(50) NOT NULL DEFAULT 0,
  `r_title` text DEFAULT NULL,
  `r_description` text DEFAULT NULL,
  `r_name` varchar(200) DEFAULT NULL,
  `r_number` varchar(50) DEFAULT NULL,
  `r_size` varchar(50) DEFAULT NULL,
  `r_adult` varchar(50) DEFAULT NULL,
  `r_child` varchar(50) DEFAULT NULL,
  `r_pet` varchar(50) DEFAULT NULL,
  `r_bedtype` varchar(50) DEFAULT NULL,
  `r_rates` varchar(50) DEFAULT NULL,
  `date_added` varchar(50) DEFAULT NULL,
  `added_by` int(50) DEFAULT NULL,
  `date_modified` varchar(50) DEFAULT NULL,
  `modified_by` int(50) DEFAULT NULL,
  `date_deleted` varchar(50) DEFAULT NULL,
  `deleted_by` int(50) DEFAULT NULL,
  `is_deleted` int(1) DEFAULT 0,
  `uid` varchar(200) DEFAULT NULL,
  PRIMARY KEY (`room_id`)
) ENGINE=InnoDB AUTO_INCREMENT=18 DEFAULT CHARSET=latin1;

-- Dumping data for table db_cozyhome.tbl_room: ~3 rows (approximately)
/*!40000 ALTER TABLE `tbl_room` DISABLE KEYS */;
INSERT INTO `tbl_room` (`room_id`, `branch_id`, `r_title`, `r_description`, `r_name`, `r_number`, `r_size`, `r_adult`, `r_child`, `r_pet`, `r_bedtype`, `r_rates`, `date_added`, `added_by`, `date_modified`, `modified_by`, `date_deleted`, `deleted_by`, `is_deleted`, `uid`) VALUES
	(13, 1, 'A deeply space that invites you to truly Switch Off.', 'The dark wood panelling and furnishings, deluxe red-draped four-poster bed, and magnificent black stone bathroom evoke the charm of a secluded Sierra Nevada getaway. The intimate scale and finish give the room a distinctly personal feel.\r\n\r\nThe dark wood panelling and furnishings, deluxe red-draped four-poster bed, and magnificent black stone bathroom evoke the charm.', 'Sierra Double Room', '10', '80', '2', '0', 'Yes', 'California King Bed', '1999', '2024-09-27 09:57:41', 1002, NULL, NULL, NULL, NULL, 0, 'c51ce410c124a10e0db5e4b97fc2af39'),
	(15, 1, 'A deeply space that invites you to truly Switch Off.', 'The dark wood panelling and furnishings, deluxe red-draped four-poster bed, and magnificent black stone bathroom evoke the charm of a secluded Sierra Nevada getaway. The intimate scale and finish give the room a distinctly personal feel.\r\n\r\nThe dark wood panelling and furnishings, deluxe red-draped four-poster bed, and magnificent black stone bathroom evoke the charm.', 'Sierra Single Room', '5', '80', '1', '0', 'No', 'Single Bed', '1999', '2024-09-27 09:59:41', 1002, NULL, NULL, '2024-09-27 21:17:46', 1002, 0, '9bf31c7ff062936a96d3c8bd1f8f2ff3'),
	(16, 1, 'A deeply space that invites you to truly Switch Off.', 'The dark wood panelling and furnishings, deluxe red-draped four-poster bed, and magnificent black stone bathroom evoke the charm of a secluded Sierra Nevada getaway. The intimate scale and finish give the room a distinctly personal feel.\r\n\r\nThe dark wood panelling and furnishings, deluxe red-draped four-poster bed, and magnificent black stone bathroom evoke the charm.\r\n\r\n', 'Sierra King Size Room', '1', '100', '4', '0', 'Yes', 'King Bed', '2999', '2024-09-27 13:23:08', 1002, NULL, NULL, '2024-09-27 21:11:46', 1002, 0, 'c74d97b01eae257e44aa9d5bade97baf');
/*!40000 ALTER TABLE `tbl_room` ENABLE KEYS */;

-- Dumping structure for table db_cozyhome.tbl_room_img
CREATE TABLE IF NOT EXISTS `tbl_room_img` (
  `rimg_id` int(200) NOT NULL AUTO_INCREMENT,
  `room_id` int(200) NOT NULL DEFAULT 0,
  `image` varchar(200) DEFAULT NULL,
  `position` varchar(50) DEFAULT NULL,
  `date_added` varchar(50) DEFAULT NULL,
  `added_by` int(50) DEFAULT NULL,
  `date_modified` varchar(50) DEFAULT NULL,
  `modified_by` int(50) DEFAULT NULL,
  `date_deleted` varchar(50) DEFAULT NULL,
  `deleted_by` int(50) DEFAULT NULL,
  `is_deleted` int(1) DEFAULT 0,
  PRIMARY KEY (`rimg_id`)
) ENGINE=InnoDB AUTO_INCREMENT=31 DEFAULT CHARSET=latin1;

-- Dumping data for table db_cozyhome.tbl_room_img: ~10 rows (approximately)
/*!40000 ALTER TABLE `tbl_room_img` DISABLE KEYS */;
INSERT INTO `tbl_room_img` (`rimg_id`, `room_id`, `image`, `position`, `date_added`, `added_by`, `date_modified`, `modified_by`, `date_deleted`, `deleted_by`, `is_deleted`) VALUES
	(21, 13, 'room_66f61115e260a1.12300484.jpg', NULL, '2024-09-27 09:57:41', 1002, NULL, NULL, NULL, NULL, 0),
	(22, 13, 'room_66f61115e2db74.75036222.jpg', NULL, '2024-09-27 09:57:41', 1002, NULL, NULL, NULL, NULL, 0),
	(23, 13, 'room_66f61115e34214.11575998.jpg', NULL, '2024-09-27 09:57:41', 1002, NULL, NULL, NULL, NULL, 0),
	(24, 13, 'room_66f61115e3dfa6.85034382.png', NULL, '2024-09-27 09:57:41', 1002, NULL, NULL, NULL, NULL, 0),
	(25, 15, 'room_66f6118d32e9c4.72189085.jpg', NULL, '2024-09-27 09:59:41', 1002, NULL, NULL, NULL, NULL, 0),
	(26, 16, 'room_66f6413cc49c63.21426616.jpg', '1', '2024-09-27 13:23:08', 1002, NULL, NULL, NULL, NULL, 0),
	(27, 16, 'room_66f6413cc55cd7.12639428.jpg', '2', '2024-09-27 13:23:08', 1002, NULL, NULL, NULL, NULL, 0),
	(28, 16, 'room_66f6413cc60903.35036123.jpg', '3', '2024-09-27 13:23:08', 1002, NULL, NULL, NULL, NULL, 0),
	(29, 16, 'room_66f6413cc69674.10684907.jpg', '5', '2024-09-27 13:23:08', 1002, NULL, NULL, NULL, NULL, 0),
	(30, 16, 'room_66f6413cc72666.63034381.png', '4', '2024-09-27 13:23:08', 1002, NULL, NULL, NULL, NULL, 0);
/*!40000 ALTER TABLE `tbl_room_img` ENABLE KEYS */;

-- Dumping structure for table db_cozyhome.tbl_website_details
CREATE TABLE IF NOT EXISTS `tbl_website_details` (
  `connum_1` varchar(50) DEFAULT NULL,
  `connum_2` varchar(50) DEFAULT NULL,
  `email` varchar(50) DEFAULT NULL,
  `modified_by` int(50) DEFAULT NULL,
  `date_modified` varchar(50) CHARACTER SET latin1 DEFAULT NULL
) ENGINE=InnoDB DEFAULT CHARSET=utf8mb4;

-- Dumping data for table db_cozyhome.tbl_website_details: ~0 rows (approximately)
/*!40000 ALTER TABLE `tbl_website_details` DISABLE KEYS */;
INSERT INTO `tbl_website_details` (`connum_1`, `connum_2`, `email`, `modified_by`, `date_modified`) VALUES
	('+43676787956', '+63978568546', 'cozyhome@email.com', 1002, '2024-10-11 10:19:54');
/*!40000 ALTER TABLE `tbl_website_details` ENABLE KEYS */;

-- Dumping structure for table db_cozyhome.tr_background
CREATE TABLE IF NOT EXISTS `tr_background` (
  `id` int(1) NOT NULL AUTO_INCREMENT,
  `theme` text DEFAULT 'theme1',
  PRIMARY KEY (`id`)
) ENGINE=InnoDB AUTO_INCREMENT=2 DEFAULT CHARSET=latin1;

-- Dumping data for table db_cozyhome.tr_background: ~0 rows (approximately)
/*!40000 ALTER TABLE `tr_background` DISABLE KEYS */;
INSERT INTO `tr_background` (`id`, `theme`) VALUES
	(1, 'theme2');
/*!40000 ALTER TABLE `tr_background` ENABLE KEYS */;

-- Dumping structure for table db_cozyhome.tr_log
CREATE TABLE IF NOT EXISTS `tr_log` (
  `id` int(10) unsigned NOT NULL AUTO_INCREMENT,
  `module` varchar(70) NOT NULL DEFAULT '0',
  `action` varchar(400) NOT NULL,
  `description` text NOT NULL,
  `action_by` varchar(50) NOT NULL DEFAULT '0',
  `log_action_date` varchar(50) NOT NULL DEFAULT '0000-00-00 00:00:00',
  PRIMARY KEY (`id`)
) ENGINE=MyISAM AUTO_INCREMENT=209 DEFAULT CHARSET=latin1;

-- Dumping data for table db_cozyhome.tr_log: 208 rows
/*!40000 ALTER TABLE `tr_log` DISABLE KEYS */;
INSERT INTO `tr_log` (`id`, `module`, `action`, `description`, `action_by`, `log_action_date`) VALUES
	(1, 'User', 'Add New', 'First Name: Sample <br /> Last Name: Sample <br /> Username: sample <br /> Contact Number:  <br /> Card Number: 123', '1002', '2023-06-06 09:44:24'),
	(2, 'Card', 'Add New', 'Card holder: John Doe  <br /> Card Number: 321 <br /> Diesel Peso Discount: 1 <br /> Premium Peso Discount: 1 <br /> Unleaded Peso Discount: 1', '1002', '2023-06-06 09:44:45'),
	(3, 'Transaction', 'Add', 'Invoice Number: 060623-094450 <br /> Product Name: Premium <br /> Price: 70.20 <br /> Amount: 100 <br /> Card holder: John Doe  <br /> Card Number: 321 <br /> Card Discount: 1.00 <br /> Points: 1.42 <br /> User: Sample, Sample', '1002', '2023-06-06 09:44:54'),
	(4, 'Transaction', 'Add', 'Invoice Number: 060623-094450 <br /> Product Name: Premium <br /> Price: 70.20 <br /> Amount: 100 <br /> Card holder: John Doe  <br /> Card Number: 321 <br /> Card Discount: 1.00 <br /> Points: 1.42 <br /> User: Sample, Sample', '1002', '2023-06-06 16:10:00'),
	(5, 'Transaction', 'Add', 'Invoice Number: 060623-094450 <br /> Product Name: Premium <br /> Price: 70.20 <br /> Amount: 100 <br /> Card holder: John Doe  <br /> Card Number: 321 <br /> Card Discount: 1.00 <br /> Points: 1.42 <br /> User: Sample, Sample', '1002', '2023-06-06 16:10:30'),
	(6, 'Transaction', 'Add', 'Invoice Number: 060623-094450 <br /> Product Name: Premium <br /> Price: 70.20 <br /> Amount: 100 <br /> Card holder: John Doe  <br /> Card Number: 321 <br /> Card Discount: 1.00 <br /> Points: 1.42 <br /> User: Sample, Sample', '1002', '2023-06-06 16:12:34'),
	(7, 'Transaction', 'Add', 'Invoice Number: 060623-094450 <br /> Product Name: Premium <br /> Price: 70.20 <br /> Amount: 100 <br /> Card holder: John Doe  <br /> Card Number: 321 <br /> Card Discount: 1.00 <br /> Points: 1.42 <br /> User: Sample, Sample', '1002', '2023-06-06 16:13:22'),
	(8, 'Transaction', 'Add', 'Invoice Number: 060623-094450 <br /> Product Name: Premium <br /> Price: 70.20 <br /> Amount: 100 <br /> Card holder: John Doe  <br /> Card Number: 321 <br /> Card Discount: 1.00 <br /> Points: 1.42 <br /> User: Sample, Sample', '1002', '2023-06-06 16:19:20'),
	(9, 'Transaction', 'Add', 'Invoice Number: 060623-094450 <br /> Product Name: Premium <br /> Price: 70.20 <br /> Amount: 100 <br /> Card holder: John Doe  <br /> Card Number: 321 <br /> Card Discount: 1.00 <br /> Points: 1.42 <br /> User: Sample, Sample', '1002', '2023-06-06 16:19:52'),
	(10, 'Transaction', 'Add', 'Invoice Number: 060623-094450 <br /> Product Name: Premium <br /> Price: 70.20 <br /> Amount: 100 <br /> Card holder: John Doe  <br /> Card Number: 321 <br /> Card Discount: 1.00 <br /> Points: 1.42 <br /> User: Sample, Sample', '1002', '2023-06-06 16:21:59'),
	(11, 'Transaction', 'Add', 'Invoice Number: 060623-094450 <br /> Product Name: Premium <br /> Price: 70.20 <br /> Amount: 100 <br /> Card holder: John Doe  <br /> Card Number: 321 <br /> Card Discount: 1.00 <br /> Points: 1.42 <br /> User: Sample, Sample', '1002', '2023-06-06 16:24:51'),
	(12, 'User', 'User Added', 'First Name: Ainsley<br /> Middle Name: Fatima Mckenzie<br /> Last Name: Rasmussen<br /> Contact Number: 442<br /> Address: Voluptate sed dolori', '1002', '2024-03-01 09:46:57'),
	(13, 'User', 'User Deleted', 'First Name: Guy<br /> Middle Name: <br /> Last Name: Charles<br /> Contact Number: Est nihil quibusdam <br /> Address: Aute ullam quia est', '1002', '2024-03-04 09:57:39'),
	(14, 'User', 'User Modified', 'First Name: Imogene<br /> Middle Name: Frost<br /> Last Name: Barron<br /> Contact Number: 42<br /> Address: Talisay', '1002', '2024-03-04 10:46:39'),
	(15, 'User', 'User Modified', 'First Name: Imogene<br /> Middle Name: Frost<br /> Last Name: Barron<br /> Contact Number: 42<br /> Address: Talisay', '1002', '2024-03-04 10:46:53'),
	(16, 'User', 'User Modified', 'First Name: Imogene<br /> Middle Name: Frost<br /> Last Name: Barron<br /> Contact Number: 42<br /> Address: Talisay', '1002', '2024-03-04 11:05:07'),
	(17, 'User', 'User Modified', 'First Name: Salvador<br /> Middle Name: Sydney Gilliam<br /> Last Name: Cline<br /> Contact Number: 470<br /> Address: Laboris et ut omnis ', '1002', '2024-03-04 11:06:24'),
	(18, 'User', 'User Modified', 'First Name: Imogene<br /> Middle Name: <br /> Last Name: Barron<br /> Contact Number: 42<br /> Address: Talisay', '1002', '2024-03-04 12:27:09'),
	(19, 'User', 'User Modified', 'First Name: Cailin<br /> Middle Name: <br /> Last Name: Berry<br /> Contact Number: Iste cupidatat sed o<br /> Address: Doloribus est cupidi', '1002', '2024-03-04 12:27:41'),
	(20, 'User', 'User Added', 'First Name: Malik<br /> Middle Name: <br /> Last Name: Salas<br /> Contact Number: 185<br /> Address: Nobis voluptas est ', '1002', '2024-03-04 12:31:37'),
	(21, 'User', 'User Added', 'First Name: Ayanna<br /> Middle Name: <br /> Last Name: Cook<br /> Contact Number: 736<br /> Address: Tenetur rerum animi', '1002', '2024-03-04 12:37:24'),
	(22, 'User', 'User Added', 'First Name: Hoyt<br /> Middle Name: <br /> Last Name: Mcguire<br /> Contact Number: 765<br /> Address: Dolore facilis aperi', '1002', '2024-03-04 12:40:26'),
	(23, 'User', 'User Added', 'First Name: Leigh<br /> Middle Name: <br /> Last Name: Moody<br /> Contact Number: 924<br /> Address: Quam non nulla eu ve', '1002', '2024-03-04 12:45:27'),
	(24, 'User', 'User Modified', 'First Name: Imogene<br /> Middle Name: <br /> Last Name: Barron<br /> Contact Number: 42<br /> Address: Talisay', '1002', '2024-03-04 12:47:35'),
	(25, 'User', 'User Deleted', 'First Name: <br /> Middle Name: <br /> Last Name: <br /> Contact Number: <br /> Address: ', '1002', '2024-03-07 10:40:13'),
	(26, 'User', 'User Deleted', 'c_fname: <br /> c_lname: <br /> c_email: <br /> c_contact: <br /> c_address: ', '1002', '2024-03-07 10:46:09'),
	(27, 'User', 'User Added', 'First Name: Kevin<br /> Middle Name: <br /> Last Name: Cortez<br /> Contact Number: 096225656566<br /> Address: BC', '1002', '2024-03-08 09:42:51'),
	(28, 'User', 'User Added', 'First Name: Kevin<br /> Middle Name: <br /> Last Name: Cortez<br /> Contact Number: 0966546565<br /> Address: TC', '1002', '2024-03-08 09:44:14'),
	(29, 'User', 'User Deleted', 'First Name: Imogene<br /> Middle Name: <br /> Last Name: Barron<br /> Contact Number: 42<br /> Address: Talisay', '1002', '2024-03-08 15:30:33'),
	(30, 'User', 'User Deleted', 'First Name: Cailin<br /> Middle Name: <br /> Last Name: Berry<br /> Contact Number: Iste cupidatat sed o<br /> Address: Doloribus est cupidi', '1002', '2024-03-08 15:30:35'),
	(31, 'User', 'User Deleted', 'First Name: Jerome<br /> Middle Name: Gentry<br /> Last Name: Burke<br /> Contact Number: 68<br /> Address: Natus magni laudanti', '1002', '2024-03-08 15:30:38'),
	(32, 'User', 'User Deleted', 'First Name: Salvador<br /> Middle Name: Sydney Gilliam<br /> Last Name: Cline<br /> Contact Number: 470<br /> Address: Laboris et ut omnis ', '1002', '2024-03-08 15:30:40'),
	(33, 'User', 'User Deleted', 'First Name: Olympia<br /> Middle Name: Haynes<br /> Last Name: Cooley<br /> Contact Number: 178<br /> Address: Facilis in ut ullamc', '1002', '2024-03-08 15:30:42'),
	(34, 'User', 'User Deleted', 'First Name: Simon<br /> Middle Name: <br /> Last Name: Figueroa<br /> Contact Number: Perspiciatis corpor<br /> Address: Error lorem aut moll', '1002', '2024-03-08 15:30:45'),
	(35, 'User', 'User Deleted', 'First Name: Emma<br /> Middle Name: <br /> Last Name: Franklin<br /> Contact Number: 347<br /> Address: ', '1002', '2024-03-08 15:30:47'),
	(36, 'User', 'User Deleted', 'First Name: Sopoline<br /> Middle Name: <br /> Last Name: Hoffman<br /> Contact Number: 838<br /> Address: ', '1002', '2024-03-08 15:30:50'),
	(37, 'User', 'User Deleted', 'First Name: Colorado<br /> Middle Name: <br /> Last Name: Norton<br /> Contact Number: Tempor irure ipsam l<br /> Address: Aperiam velit repre', '1002', '2024-03-08 15:30:52'),
	(38, 'User', 'User Deleted', 'First Name: Ainsley<br /> Middle Name: Fatima Mckenzie<br /> Last Name: Rasmussen<br /> Contact Number: 442<br /> Address: Voluptate sed dolori', '1002', '2024-03-08 15:30:55'),
	(39, 'User', 'User Deleted', 'First Name: Ann<br /> Middle Name: Hale<br /> Last Name: Sherman<br /> Contact Number: 397<br /> Address: ', '1002', '2024-03-08 15:30:58'),
	(40, 'User', 'User Deleted', 'First Name: Bianca<br /> Middle Name: Yonson<br /> Last Name: Wong<br /> Contact Number: 1234567890<br /> Address: ', '1002', '2024-03-08 15:31:01'),
	(41, 'User', 'User Deleted', 'c_fname: Sopoline<br /> c_lname: Hoffman<br /> c_email: kamoqomuj@mailinator.com<br /> c_contact: 838<br /> c_address: Dolor id aut earum e', '1002', '2024-03-08 15:31:13'),
	(42, 'User', 'User Deleted', 'c_fname: Lucian<br /> c_lname: Warren<br /> c_email: gunemyg@mailinator.com<br /> c_contact: 673<br /> c_address: Architecto praesenti', '1002', '2024-03-08 15:31:15'),
	(43, 'User', 'User Deleted', 'c_fname: <br /> c_lname: <br /> c_email: <br /> c_contact: <br /> c_address: ', '1002', '2024-03-08 16:53:14'),
	(44, 'User', 'User Deleted', 'c_fname: <br /> c_lname: <br /> c_email: <br /> c_contact: <br /> c_address: ', '1002', '2024-03-08 16:54:25'),
	(45, 'User', 'User Deleted', 'c_fname: <br /> c_lname: <br /> c_email: <br /> c_contact: <br /> c_address: ', '1002', '2024-03-08 16:54:37'),
	(46, 'User', 'User Deleted', 'c_fname: <br /> c_lname: <br /> c_email: <br /> c_contact: <br /> c_address: ', '1002', '2024-03-08 16:55:11'),
	(47, 'User', 'User Modified', 'First Name: Vladimer<br /> Middle Name: <br /> Last Name: Ombi-on<br /> Contact Number: 093656454645<br /> Address: TC', '1002', '2024-03-08 16:56:51'),
	(48, 'User', 'User Deleted', 'First Name: Kevin<br /> Middle Name: <br /> Last Name: Cortez<br /> Contact Number: 09665034568<br /> Address: ', '1002', '2024-03-11 09:55:01'),
	(49, 'User', 'User Modified', 'First Name: Kevin<br /> Middle Name: <br /> Last Name: Cortez<br /> Contact Number: 0966546565<br /> Address: TC', '1002', '2024-03-11 10:21:51'),
	(50, 'User', 'User Modified', 'First Name: Ronald<br /> Middle Name: <br /> Last Name: Tangguan<br /> Contact Number: 09928522244<br /> Address: Talisay City', '1002', '2024-03-11 14:42:47'),
	(51, 'User', 'User Modified', 'First Name: Vladimer<br /> Middle Name: <br /> Last Name: Ombi-on<br /> Contact Number: 093656454645<br /> Address: TC', '1002', '2024-03-11 14:43:34'),
	(52, 'User', 'User Deleted', 'c_fname: Haden<br /> c_lname: James<br /> c_email: haden@gmail.com<br /> c_contact: 0946546456456<br /> c_address: BC', '1002', '2024-03-11 16:23:26'),
	(53, 'User', 'User Deleted', 'c_fname: Odette<br /> c_lname: Roman<br /> c_email: wyfa@mailinator.com<br /> c_contact: 170<br /> c_address: Quos excepturi quos ', '1002', '2024-03-11 16:33:43'),
	(54, 'User', 'User Deleted', 'c_fname: Haden<br /> c_lname: James<br /> c_email: haden@gmail.com<br /> c_contact: 0965148546565<br /> c_address: BC', '1002', '2024-03-11 16:33:46'),
	(55, 'User', 'User Added', 'First Name: Chava<br /> Middle Name: <br /> Last Name: Frederick<br /> Contact Number: 129<br /> Address: Eos omnis aut laboru', '1002', '2024-03-11 16:34:39'),
	(56, 'User', 'User Modified', 'First Name: Oliver<br /> Middle Name: <br /> Last Name: Oliver<br /> Contact Number: 111<br /> Address: Ab quo et et accusan', '1002', '2024-03-11 16:42:18'),
	(57, 'User', 'User Modified', 'First Name: Oliver<br /> Middle Name: <br /> Last Name: Oliver<br /> Contact Number: 111<br /> Address: Ab quo et et accusan', '1002', '2024-03-11 16:42:23'),
	(58, 'User', 'User Deleted', 'c_fname: Vladimer<br /> c_lname: Ombi-on<br /> c_email: vladimer@gmail.com<br /> c_contact: 09663656546<br /> c_address: BC', '1002', '2024-03-12 09:27:06'),
	(59, 'User', 'User Deleted', 'Service Name: Haircut<br /> Service Price: 80.00', '1150', '2024-03-12 13:58:08'),
	(60, 'User', 'User Deleted', 'Service Name: Hairstyle<br /> Service Price: 100.00', '1150', '2024-03-12 13:58:10'),
	(61, 'User', 'User Deleted', 'Service Name: Hair Rebond<br /> Service Price: 1000.00', '1150', '2024-03-12 13:58:13'),
	(62, 'User', 'User Deleted', 'Service Name: Semi Rebond<br /> Service Price: 800.00', '1150', '2024-03-12 13:58:16'),
	(63, 'User', 'User Deleted', 'Service Name: Brazillian Hair Rebond<br /> Service Price: 1500.00', '1150', '2024-03-12 13:58:17'),
	(64, 'User', 'User Deleted', 'Service Name: Brazillian Color Hair Rebond<br /> Service Price: 2000.00', '1150', '2024-03-12 13:58:19'),
	(65, 'User', 'User Deleted', 'Service Name: Hair Trimming<br /> Service Price: 50.00', '1150', '2024-03-12 13:58:21'),
	(66, 'User', 'User Deleted', 'Service Name: Shave<br /> Service Price: 100.00', '1150', '2024-03-12 13:58:23'),
	(67, 'User', 'User Deleted', 'Service Name: Manicure<br /> Service Price: 150.00', '1150', '2024-03-12 13:58:25'),
	(68, 'User', 'User Modified', 'First Name: Kevin<br /> Middle Name: <br /> Last Name: Cortez<br /> Contact Number: 0966546565<br /> Address: TC', '1002', '2024-03-13 15:49:51'),
	(69, 'User', 'User Modified', 'First Name: Ronald<br /> Middle Name: <br /> Last Name: Tangguan<br /> Contact Number: 09928522244<br /> Address: Talisay City', '1002', '2024-03-14 11:40:54'),
	(70, 'User', 'User Modified', 'First Name: Oliver<br /> Middle Name: <br /> Last Name: Oliver<br /> Contact Number: 111<br /> Address: Ab quo et et accusan', '1002', '2024-03-14 15:00:31'),
	(71, 'User', 'User Modified', 'First Name: Vladimer<br /> Middle Name: <br /> Last Name: Ombi-on<br /> Contact Number: 09669544547<br /> Address: BC', '1002', '2024-03-14 15:00:49'),
	(72, 'User', 'User Modified', 'First Name: Hiram<br /> Middle Name: <br /> Last Name: Cantrell<br /> Contact Number: 588<br /> Address: BC', '1002', '2024-03-15 10:54:39'),
	(73, 'User', 'User Deleted', 'c_fname: Hiram<br /> c_lname: Cantrell<br /> c_email: jehynemy@mailinator.com<br /> c_contact: 588<br /> c_address: Facilis eaque blandi', '1002', '2024-03-15 10:58:11'),
	(74, 'User', 'User Deleted', 'First Name: Hiram<br /> Middle Name: <br /> Last Name: Cantrell<br /> Contact Number: 588<br /> Address: BC', '1002', '2024-03-15 10:58:17'),
	(75, 'User', 'User Modified', 'First Name: Erin<br /> Middle Name: <br /> Last Name: Frazier<br /> Contact Number: 625<br /> Address: BC', '1002', '2024-03-15 11:37:27'),
	(76, 'User', 'User Deleted', 'First Name: Ronald<br /> Middle Name: <br /> Last Name: Tangguan<br /> Contact Number: 09928522244<br /> Address: Talisay City', '1002', '2024-03-18 14:26:44'),
	(77, 'User', 'User Deleted', 'First Name: Ronald<br /> Middle Name: <br /> Last Name: Tangguan<br /> Contact Number: 09665034568<br /> Address: ', '1002', '2024-03-18 14:37:15'),
	(78, 'User', 'User Deleted', 'c_fname: Ronald<br /> c_lname: Tangguan<br /> c_email: <br /> c_contact: 09665034568<br /> c_address: ', '1002', '2024-03-18 14:37:22'),
	(79, 'User', 'User Modified', 'First Name: Ronald<br /> Middle Name: <br /> Last Name: Tangguan<br /> Contact Number: 09665034568<br /> Address: Capt Sabi Zone 4 Talisay City, Negros Occidental, Philippines', '1002', '2024-03-18 14:38:15'),
	(80, 'User', 'User Deleted', 'First Name: Ronald<br /> Middle Name: <br /> Last Name: Tangguan<br /> Contact Number: 09665034568<br /> Address: Capt Sabi Zone 4 Talisay City, Negros Occidental, Philippines', '1002', '2024-03-18 14:50:05'),
	(81, 'User', 'User Modified', 'First Name: Ronald<br /> Middle Name: <br /> Last Name: Tangguan<br /> Contact Number: 09665034568<br /> Address: Capt. Sabi Zone 4, Talisay City, Negros Occidental', '1002', '2024-03-18 14:53:14'),
	(82, 'User', 'User Modified', 'First Name: Admin<br /> Middle Name: <br /> Last Name: Admin<br /> Contact Number: 09876543210<br /> Address: Lorem ipsum dolor sit amet, consectetur adipiscing elit, sed do eiusmod tempor incididunt ut labore et dolore magna aliqua.', '1002', '2024-03-18 16:16:21'),
	(83, 'User', 'User Deleted', 'Service Name: Pedicure<br /> Service Price: 250.00', '1150', '2024-03-22 09:59:49'),
	(84, 'User', 'User Deleted', 'Service Name: Manicure<br /> Service Price: 200.00', '1150', '2024-03-22 10:06:25'),
	(85, 'User', 'User Deleted', 'Service Name: Haircut<br /> Service Price: 80.00', '1150', '2024-03-22 13:15:36'),
	(86, 'User', 'User Deleted', 'Time 9:00<br /> AM/PM AM', '1150', '2024-03-25 15:41:50'),
	(87, 'User', 'User Deleted', 'Time 10<br /> AM/PM AM', '1150', '2024-03-25 15:42:21'),
	(88, 'User', 'User Deleted', 'Time 11<br /> AM/PM AM', '1150', '2024-03-25 15:42:23'),
	(89, 'User', 'User Modified', 'First Name: Vladimer<br /> Middle Name: <br /> Last Name: Ombi-on<br /> Contact Number: 09669544547<br /> Address: BC', '1002', '2024-04-01 15:26:04'),
	(90, 'User', 'User Modified', 'First Name: Vladi<br /> Middle Name: <br /> Last Name: Cortez<br /> Contact Number: 114<br /> Address: TC', '1002', '2024-04-01 15:28:51'),
	(91, 'User', 'User Modified', 'First Name: Kevin<br /> Middle Name: <br /> Last Name: Cortez<br /> Contact Number: 0966546565<br /> Address: TC', '1002', '2024-04-03 16:11:25'),
	(92, 'User', 'User Modified', 'First Name: Kevin<br /> Middle Name: <br /> Last Name: Cortez<br /> Contact Number: 0966546565<br /> Address: TC', '1002', '2024-04-03 16:38:00'),
	(93, 'User', 'User Deleted', 'Time 12<br /> AM/PM PM', '1150', '2024-04-15 10:22:04'),
	(94, 'User', 'User Deleted', 'Time 12<br /> AM/PM AM', '1150', '2024-04-15 10:22:07'),
	(95, 'User', 'User Deleted', 'c_fname: James<br /> c_lname: <br /> email: Hadden<br /> c_contact: 09928522244<br /> address: Talisay City Negros Occidental', '1002', '2024-04-16 14:12:43'),
	(96, 'User', 'User Deleted', 'Time 12:00<br /> AM/PM ', '1159', '2024-04-17 12:11:42'),
	(97, 'User', 'User Modified', 'First Name: Oliver<br /> Middle Name: <br /> Last Name: Oliver<br /> Contact Number: 111<br /> Address: Ab quo et et accusan', '1002', '2024-04-17 12:17:56'),
	(98, 'User', 'User Added', 'First Name: Cozy<br /> Middle Name: <br /> Last Name: Home<br /> Email: cozyhome@gmail.com<br /> Position: Admin<br /> Contact Number: 099999999999<br /> Address: Bazket Bacolod', '1002', '2024-09-26 19:04:19'),
	(99, 'User', 'User Added', 'First Name: Cozy<br /> Middle Name: <br /> Last Name: Home<br /> Email: cozyhome@gmail.com<br /> Position: Admin<br /> Contact Number: 0964646516<br /> Address: Bazket Bacolod', '1002', '2024-09-26 19:05:36'),
	(100, 'User', 'User Added', 'First Name: Cozy<br /> Middle Name: <br /> Last Name: Home<br /> Email: cozyhome@gmail.com<br /> Position: Admin<br /> Contact Number: 09516545456<br /> Address: Bazket Bacolod', '1002', '2024-09-26 19:08:32'),
	(101, 'User', 'User Added', 'First Name: Cozy<br /> Middle Name: <br /> Last Name: Home<br /> Email: cozyhome@gmail.com<br /> Position: Admin<br /> Contact Number: 09165456565<br /> Address: Bazket Bacolod', '1002', '2024-09-26 19:14:39'),
	(102, 'User', 'User Added', 'First Name: Cozy<br /> Middle Name: <br /> Last Name: Home<br /> Email: cozyhome@gmail.com<br /> Position: Admin<br /> Contact Number: 09165456565<br /> Address: Bazket Bacolod', '1002', '2024-09-26 19:15:06'),
	(103, 'User', 'User Modified', 'First Name: Cozy<br /> Middle Name: <br /> Last Name: Home<br /> Email: cozyhome@gmail.com<br /> Position: Admin<br /> Contact Number: 091654<br /> Address: Bazket Bacolod', '1002', '2024-09-26 20:02:46'),
	(104, 'User', 'User Modified', 'First Name: Cozy<br /> Middle Name: <br /> Last Name: Home<br /> Email: cozyhome@gmail.com<br /> Position: Admin<br /> Contact Number: 091654<br /> Address: Bazket Bacolod', '1002', '2024-09-26 20:02:53'),
	(105, 'User', 'User Modified', 'First Name: Cozy<br /> Middle Name: <br /> Last Name: Home<br /> Email: cozyhome@gmail.com<br /> Position: Admin<br /> Contact Number: 091654123<br /> Address: Bazket Bacolod', '1002', '2024-09-26 20:03:01'),
	(106, 'User', 'User Modified', 'First Name: Cozy<br /> Middle Name: <br /> Last Name: Home<br /> Email: cozyhome@gmail.com<br /> Position: Admin<br /> Contact Number: 091654123<br /> Address: Bazket Bacolod', '1002', '2024-09-26 20:03:48'),
	(107, 'User', 'User Deleted', 'First Name: Cozy<br /> Middle Name: <br /> Last Name: Home', '1002', '2024-09-26 20:15:03'),
	(108, 'User', 'User Added', 'First Name: <br /> Middle Name: <br /> Last Name: <br /> Email: <br /> Position: <br /> Contact Number: <br /> Address: ', '1002', '2024-09-26 20:57:06'),
	(109, 'Room', 'Room Added', 'Room Title: <br /> Room Description: <br /> Room Name: <br /> Room Number: <br /> Room Size: <br /> Room Bedtype: <br /> Rates: ', '1002', '2024-09-26 23:42:38'),
	(110, 'Room', 'Room Added', 'Room Title: A deeply space that invites you to truly Switch Off.<br /> Room Description: The dark wood panelling and furnishings, deluxe red-draped four-poster bed, and magnificent black stone bathroom evoke the charm of a secluded Sierra Nevada getaway. The intimate scale and finish give the room a distinctly personal feel.\r\n\r\nThe dark wood panelling and furnishings, deluxe red-draped four-poster bed, and magnificent black stone bathroom evoke the charm.<br /> Room Name: Sierra Double Room<br /> Room Number: 1<br /> Room Size: 120<br /> Room Bedtype: Single Bed<br /> Rates: 1999', '1002', '2024-09-26 23:43:32'),
	(111, 'Room', 'Room Added', 'Room Title: <br /> Room Description: <br /> Room Name: <br /> Room Number: <br /> Room Size: <br /> Room Bedtype: <br /> Rates: ', '1002', '2024-09-26 23:43:32'),
	(112, 'Room', 'Room Added', 'Room Title: A deeply space that invites you to truly Switch Off.<br /> Room Description: The dark wood panelling and furnishings, deluxe red-draped four-poster bed, and magnificent black stone bathroom evoke the charm of a secluded Sierra Nevada getaway. The intimate scale and finish give the room a distinctly personal feel.\r\n\r\nThe dark wood panelling and furnishings, deluxe red-draped four-poster bed, and magnificent black stone bathroom evoke the charm.<br /> Room Name: Sierra Double Room<br /> Room Number: 1<br /> Room Size: 120<br /> Room Bedtype: Queen Bed<br /> Rates: 1999', '1002', '2024-09-27 09:05:46'),
	(113, 'Room', 'Room Added', 'Room Title: <br /> Room Description: <br /> Room Name: <br /> Room Number: <br /> Room Size: <br /> Room Bedtype: <br /> Rates: ', '1002', '2024-09-27 09:05:46'),
	(114, 'Room', 'Room Added', 'Room Title: A deeply space that invites you to truly Switch Off.<br /> Room Description: The dark wood panelling and furnishings, deluxe red-draped four-poster bed, and magnificent black stone bathroom evoke the charm of a secluded Sierra Nevada getaway. The intimate scale and finish give the room a distinctly personal feel.\r\n\r\nThe dark wood panelling and furnishings, deluxe red-draped four-poster bed, and magnificent black stone bathroom evoke the charm.<br /> Room Name: Sierra Double Room<br /> Room Number: 1<br /> Room Size: 120<br /> Room Bedtype: California King Bed<br /> Rates: 1999', '1002', '2024-09-27 09:07:16'),
	(115, 'Room', 'Room Added', 'Room Title: <br /> Room Description: <br /> Room Name: <br /> Room Number: <br /> Room Size: <br /> Room Bedtype: <br /> Rates: ', '1002', '2024-09-27 09:07:16'),
	(116, 'Room', 'Room Added', 'Room Title: <br /> Room Description: <br /> Room Name: <br /> Room Number: <br /> Room Size: <br /> Room Bedtype: <br /> Rates: ', '1002', '2024-09-27 09:51:35'),
	(117, 'Room', 'Room Added', 'Room Title: A deeply space that invites you to truly Switch Off.<br /> Room Description: The dark wood panelling and furnishings, deluxe red-draped four-poster bed, and magnificent black stone bathroom evoke the charm of a secluded Sierra Nevada getaway. The intimate scale and finish give the room a distinctly personal feel.\r\n\r\nThe dark wood panelling and furnishings, deluxe red-draped four-poster bed, and magnificent black stone bathroom evoke the charm.<br /> Room Name: Sierra Double Room<br /> Room Number: 1<br /> Room Size: 80<br /> Room Bedtype: King Bed<br /> Rates: 1999', '1002', '2024-09-27 09:53:16'),
	(118, 'Room', 'Room Added', 'Room Title: <br /> Room Description: <br /> Room Name: <br /> Room Number: <br /> Room Size: <br /> Room Bedtype: <br /> Rates: ', '1002', '2024-09-27 09:53:16'),
	(119, 'Room', 'Room Added', 'Room Title: A deeply space that invites you to truly Switch Off.<br /> Room Description: The dark wood panelling and furnishings, deluxe red-draped four-poster bed, and magnificent black stone bathroom evoke the charm of a secluded Sierra Nevada getaway. The intimate scale and finish give the room a distinctly personal feel.\r\n\r\nThe dark wood panelling and furnishings, deluxe red-draped four-poster bed, and magnificent black stone bathroom evoke the charm.<br /> Room Name: Sierra Double Room<br /> Room Number: 1<br /> Room Size: 80<br /> Room Bedtype: King Bed<br /> Rates: 1999', '1002', '2024-09-27 09:55:12'),
	(120, 'Room', 'Room Added', 'Room Title: <br /> Room Description: <br /> Room Name: <br /> Room Number: <br /> Room Size: <br /> Room Bedtype: <br /> Rates: ', '1002', '2024-09-27 09:55:12'),
	(121, 'Room', 'Room Added', 'Room Title: A deeply space that invites you to truly Switch Off.<br /> Room Description: The dark wood panelling and furnishings, deluxe red-draped four-poster bed, and magnificent black stone bathroom evoke the charm of a secluded Sierra Nevada getaway. The intimate scale and finish give the room a distinctly personal feel.\r\n\r\nThe dark wood panelling and furnishings, deluxe red-draped four-poster bed, and magnificent black stone bathroom evoke the charm.<br /> Room Name: Sierra Double Room<br /> Room Number: 1<br /> Room Size: 80<br /> Room Bedtype: California King Bed<br /> Rates: 1999', '1002', '2024-09-27 09:57:41'),
	(122, 'Room', 'Room Added', 'Room Title: <br /> Room Description: <br /> Room Name: <br /> Room Number: <br /> Room Size: <br /> Room Bedtype: <br /> Rates: ', '1002', '2024-09-27 09:57:42'),
	(123, 'Room', 'Room Added', 'Room Title: A deeply space that invites you to truly Switch Off.<br /> Room Description: The dark wood panelling and furnishings, deluxe red-draped four-poster bed, and magnificent black stone bathroom evoke the charm of a secluded Sierra Nevada getaway. The intimate scale and finish give the room a distinctly personal feel.\r\n\r\nThe dark wood panelling and furnishings, deluxe red-draped four-poster bed, and magnificent black stone bathroom evoke the charm.<br /> Room Name: Sierra Single Room<br /> Room Number: 2<br /> Room Size: 80<br /> Room Bedtype: Single Bed<br /> Rates: 1999', '1002', '2024-09-27 09:59:41'),
	(124, 'Room', 'Room Added', 'Room Title: A deeply space that invites you to truly Switch Off.<br /> Room Description: The dark wood panelling and furnishings, deluxe red-draped four-poster bed, and magnificent black stone bathroom evoke the charm of a secluded Sierra Nevada getaway. The intimate scale and finish give the room a distinctly personal feel.\r\n\r\nThe dark wood panelling and furnishings, deluxe red-draped four-poster bed, and magnificent black stone bathroom evoke the charm.\r\n\r\n<br /> Room Name: Sierra King Size Room<br /> Room Number: 3<br /> Room Size: 100<br /> Room Bedtype: King Bed<br /> Rates: 3999', '1002', '2024-09-27 13:23:08'),
	(125, 'User', 'User Deleted', 'First Name: Cozy<br /> Middle Name: <br /> Last Name: Home', '1002', '2024-09-27 13:45:01'),
	(126, 'User', 'User Added', 'First Name: Benz<br /> Middle Name: <br /> Last Name: Lozada<br /> Email: benz@gmail.com<br /> Position: Admin<br /> Contact Number: 09645665<br /> Address: Talisay City', '1002', '2024-09-27 13:53:24'),
	(127, 'Room', 'Room Added', 'Room Title: <br /> Room Description: <br /> Room Name: <br /> Room Number: <br /> Room Size: <br /> Room Bedtype: <br /> Rates: ', '1002', '2024-09-27 20:25:33'),
	(128, 'Room', 'Room Modified', 'Room Title: A deeply space that invites you to truly Switch Off.<br /> Room Description: The dark wood panelling and furnishings, deluxe red-draped four-poster bed, and magnificent black stone bathroom evoke the charm of a secluded Sierra Nevada getaway. The intimate scale and finish give the room a distinctly personal feel.\r\n\r\nThe dark wood panelling and furnishings, deluxe red-draped four-poster bed, and magnificent black stone bathroom evoke the charm.\r\n\r\n<br /> Room Name: Sierra King Size Room<br /> Room Number: 3<br /> Room Size: 100<br /> Room Bedtype: King Bed<br /> Rates: 3999', '1002', '2024-09-27 20:26:11'),
	(129, 'Room', 'Room Modified', 'Room Title: A deeply space that invites you to truly Switch Off.<br /> Room Description: The dark wood panelling and furnishings, deluxe red-draped four-poster bed, and magnificent black stone bathroom evoke the charm of a secluded Sierra Nevada getaway. The intimate scale and finish give the room a distinctly personal feel.\r\n\r\nThe dark wood panelling and furnishings, deluxe red-draped four-poster bed, and magnificent black stone bathroom evoke the charm.\r\n\r\n<br /> Room Name: Sierra King Size Room<br /> Room Number: 3<br /> Room Size: 100<br /> Room Bedtype: King Bed<br /> Rates: 3999', '1002', '2024-09-27 20:26:54'),
	(130, 'Room', 'Room Modified', 'Room Title: A deeply space that invites you to truly Switch Off.<br /> Room Description: The dark wood panelling and furnishings, deluxe red-draped four-poster bed, and magnificent black stone bathroom evoke the charm of a secluded Sierra Nevada getaway. The intimate scale and finish give the room a distinctly personal feel.\r\n\r\nThe dark wood panelling and furnishings, deluxe red-draped four-poster bed, and magnificent black stone bathroom evoke the charm.\r\n\r\n<br /> Room Name: Sierra King Size Room<br /> Room Number: 3<br /> Room Size: 100<br /> Room Bedtype: King Bed<br /> Rates: 3999', '1002', '2024-09-27 20:29:36'),
	(131, 'Room', 'Room Modified', 'Room Title: A deeply space that invites you to truly Switch Off.<br /> Room Description: The dark wood panelling and furnishings, deluxe red-draped four-poster bed, and magnificent black stone bathroom evoke the charm of a secluded Sierra Nevada getaway. The intimate scale and finish give the room a distinctly personal feel.\r\n\r\nThe dark wood panelling and furnishings, deluxe red-draped four-poster bed, and magnificent black stone bathroom evoke the charm.\r\n\r\n<br /> Room Name: Sierra King Size Room<br /> Room Number: 3<br /> Room Size: 100<br /> Room Bedtype: King Bed<br /> Rates: 3999', '1002', '2024-09-27 20:29:53'),
	(132, 'Room', 'Room Modified', 'Room Title: A deeply space that invites you to truly Switch Off.1<br /> Room Description: The dark wood panelling and furnishings, deluxe red-draped four-poster bed, and magnificent black stone bathroom evoke the charm of a secluded Sierra Nevada getaway. The intimate scale and finish give the room a distinctly personal feel.1\r\n\r\nThe dark wood panelling and furnishings, deluxe red-draped four-poster bed, and magnificent black stone bathroom evoke the charm.\r\n\r\n<br /> Room Name: Sierra King Size Room<br /> Room Number: 3<br /> Room Size: 200<br /> Room Bedtype: King Bed<br /> Rates: 2999', '1002', '2024-09-27 20:35:24'),
	(133, 'Room', 'Room Modified', 'Room Title: A deeply space that invites you to truly Switch Off.<br /> Room Description: The dark wood panelling and furnishings, deluxe red-draped four-poster bed, and magnificent black stone bathroom evoke the charm of a secluded Sierra Nevada getaway. The intimate scale and finish give the room a distinctly personal feel.\r\n\r\nThe dark wood panelling and furnishings, deluxe red-draped four-poster bed, and magnificent black stone bathroom evoke the charm.\r\n\r\n<br /> Room Name: Sierra King Size Room<br /> Room Number: 3<br /> Room Size: 200<br /> Room Bedtype: King Bed<br /> Rates: 2999', '1002', '2024-09-27 20:36:12'),
	(134, 'User', 'User Deleted', 'First Name: Benz<br /> Middle Name: <br /> Last Name: Lozada', '1002', '2024-09-27 20:44:24'),
	(135, 'Room', 'Room Modified', 'Room Title: A deeply space that invites you to truly Switch Off.<br /> Room Description: The dark wood panelling and furnishings, deluxe red-draped four-poster bed, and magnificent black stone bathroom evoke the charm of a secluded Sierra Nevada getaway. The intimate scale and finish give the room a distinctly personal feel.\r\n\r\nThe dark wood panelling and furnishings, deluxe red-draped four-poster bed, and magnificent black stone bathroom evoke the charm.\r\n\r\n<br /> Room Name: Sierra King Size Room<br /> Room Number: 3<br /> Room Size: 100<br /> Room Bedtype: King Bed<br /> Rates: 2999', '1002', '2024-09-27 20:45:59'),
	(136, 'Room', 'Room Modified', 'Room Title: A deeply space that invites you to truly Switch Off.<br /> Room Description: The dark wood panelling and furnishings, deluxe red-draped four-poster bed, and magnificent black stone bathroom evoke the charm of a secluded Sierra Nevada getaway. The intimate scale and finish give the room a distinctly personal feel.\r\n\r\nThe dark wood panelling and furnishings, deluxe red-draped four-poster bed, and magnificent black stone bathroom evoke the charm.\r\n\r\n<br /> Room Name: Sierra King Size Room<br /> Room Number: 3<br /> Room Size: 150<br /> Room Bedtype: King Bed<br /> Rates: 2999', '1002', '2024-09-27 20:46:13'),
	(137, 'Room', 'Room Modified', 'Room Title: A deeply space that invites you to truly Switch Off.<br /> Room Description: The dark wood panelling and furnishings, deluxe red-draped four-poster bed, and magnificent black stone bathroom evoke the charm of a secluded Sierra Nevada getaway. The intimate scale and finish give the room a distinctly personal feel.\r\n\r\nThe dark wood panelling and furnishings, deluxe red-draped four-poster bed, and magnificent black stone bathroom evoke the charm.\r\n\r\n<br /> Room Name: Sierra King Size Room<br /> Room Number: 3<br /> Room Size: 100<br /> Room Bedtype: King Bed<br /> Rates: 2999', '1002', '2024-09-27 20:46:40'),
	(138, 'Room', 'Room Deleted', 'Room deleted by: Super Admin  Super Admin', '1002', '2024-09-27 21:11:04'),
	(139, 'Room', 'Room Deleted', 'Room deleted by: Super Admin  Super Admin', '1002', '2024-09-27 21:11:46'),
	(140, 'Room', 'Room Deleted', 'Room deleted by: Super Admin  Super Admin', '1002', '2024-09-27 21:16:36'),
	(141, 'Room', 'Room Deleted', 'Room deleted by: Super Admin  Super Admin', '1002', '2024-09-27 21:17:46'),
	(142, 'Branch', 'Branch Added', 'Branch Name: Bacolod<br /> Branch Address: 15th Street, Barangay 4, Barangay 7, Downtown, Bacolod-1, Bacolod, Western Visayas, 6100, Philippines', '1002', '2024-09-28 14:53:47'),
	(143, 'Branch', 'Branch Modified', 'Branch Name: Bacolod1<br /> Branch Address: 15th Street, Barangay 4, Barangay 7, Downtown, Bacolod-1, Bacolod, Western Visayas, 6100, Philippines', '1002', '2024-09-29 15:47:57'),
	(144, 'Branch', 'Branch Modified', 'Branch Name: Bacolod<br /> Branch Address: 16th Street, Sibuyas, Barangay 7, Downtown, Bacolod-1, Bacolod, Western Visayas, 6100, Philippines', '1002', '2024-09-29 16:00:32'),
	(145, 'Branch', 'Branch Deleted', 'Branch deleted by: Super Admin  Super Admin', '1002', '2024-09-29 16:08:46'),
	(146, 'Branch', 'Branch Modified', 'Branch Name: Bacolod1<br /> Branch Address: Robinsons Bacolod, Lacson Street, Mahirup, Mandalagan, Bacolod, Western Visayas, 6100, Philippines', '1002', '2024-09-29 17:41:06'),
	(147, 'Branch', 'Branch Modified', 'Branch Name: Bacolod<br /> Branch Address: Robinsons Bacolod, Lacson Street, Mahirup, Mandalagan, Bacolod, Western Visayas, 6100, Philippines', '1002', '2024-09-29 18:09:45'),
	(148, 'Room', 'Room Modified', 'Room Title: A deeply space that invites you to truly Switch Off.<br /> Room Description: The dark wood panelling and furnishings, deluxe red-draped four-poster bed, and magnificent black stone bathroom evoke the charm of a secluded Sierra Nevada getaway. The intimate scale and finish give the room a distinctly personal feel.\r\n\r\nThe dark wood panelling and furnishings, deluxe red-draped four-poster bed, and magnificent black stone bathroom evoke the charm.<br /> Room Name: Sierra Double Room<br /> Room Number: 10<br /> Room Size: 80<br /> Room Bedtype: California King Bed<br /> Rates: 1999', '1002', '2024-09-30 09:13:50'),
	(149, 'Room', 'Room Modified', 'Room Title: A deeply space that invites you to truly Switch Off.<br /> Room Description: The dark wood panelling and furnishings, deluxe red-draped four-poster bed, and magnificent black stone bathroom evoke the charm of a secluded Sierra Nevada getaway. The intimate scale and finish give the room a distinctly personal feel.\r\n\r\nThe dark wood panelling and furnishings, deluxe red-draped four-poster bed, and magnificent black stone bathroom evoke the charm.<br /> Room Name: Sierra Single Room<br /> Room Number: 5<br /> Room Size: 80<br /> Room Bedtype: Single Bed<br /> Rates: 1999', '1002', '2024-09-30 12:24:30'),
	(150, 'Room', 'Room Modified', 'Room Title: A deeply space that invites you to truly Switch Off.<br /> Room Description: The dark wood panelling and furnishings, deluxe red-draped four-poster bed, and magnificent black stone bathroom evoke the charm of a secluded Sierra Nevada getaway. The intimate scale and finish give the room a distinctly personal feel.\r\n\r\nThe dark wood panelling and furnishings, deluxe red-draped four-poster bed, and magnificent black stone bathroom evoke the charm.\r\n\r\n<br /> Room Name: Sierra King Size Room<br /> Room Number: 1<br /> Room Size: 100<br /> Room Bedtype: King Bed<br /> Rates: 2999', '1002', '2024-09-30 12:24:43'),
	(151, 'Settings', 'Update Details', 'About Title: Insert your Heading Here<br /> About Description: Lorem Ipsum is simply dummy text of the printing and typesetting industry. Lorem Ipsum has been the industry\'s standard dummy text ever since the 1500s, when an unknown printer took a galley of type and scrambled it to make a type specimen book. It has survived not only five centuries, but also the leap into electronic typesetting, remaining essentially unchanged. It was popularised in the 1960s with the release of Letraset sheets containing Lorem Ipsum passages, and more recently with desktop publishing software like Aldus PageMaker including versions of Lorem Ipsum.', '1002', '2024-10-10 13:17:17'),
	(152, 'Settings', 'Update Details', 'About Title: Insert your Heading Here<br /> About Description: Lorem Ipsum is simply dummy text of the printing and typesetting industry. Lorem Ipsum has been the industry\'s standard dummy text ever since the 1500s, when an unknown printer took a galley of type and scrambled it to make a type specimen book. It has survived not only five centuries, but also the leap into electronic typesetting, remaining essentially unchanged. It was popularised in the 1960s with the release of Letraset sheets containing Lorem Ipsum passages, and more recently with desktop publishing software like Aldus PageMaker including versions of Lorem Ipsum.', '1002', '2024-10-10 13:19:56'),
	(153, 'Settings', 'Update Details', 'About Title: Insert your Heading Here<br /> About Description: dsfdsfgfdgdfgfdgg', '1002', '2024-10-10 13:20:46'),
	(154, 'Settings', 'Update Details', ' Title 2: dsfdsfgfdgdfgfdgg<br /> Description 2: asdas', '1002', '2024-10-10 13:20:55'),
	(155, 'Settings', 'Update Details', 'About Title: Insert your Heading Here<br /> About Description: trhtgrgdrsgdfgdfgdfggdfgdfgdfgdfd', '1002', '2024-10-10 13:21:34'),
	(156, 'Settings', 'Update Details', 'About Title: Insert your Heading Here<br /> About Description: ', '1002', '2024-10-10 13:23:50'),
	(157, 'Settings', 'Update Details', 'About Title: Insert your Heading Here<br /> About Description: ', '1002', '2024-10-10 13:27:19'),
	(158, 'Settings', 'Update Details', 'About Title: Insert your Heading Here<br /> About Description: ', '1002', '2024-10-10 13:27:51'),
	(159, 'Settings', 'Update Details', 'About Title: Insert your Heading Here<br /> About Description: ', '1002', '2024-10-10 13:28:05'),
	(160, 'Settings', 'Update Details', ' Title 2: dsfgdfgfdg<br /> Description 2: dsfdsfgfdgdfgfdgg', '1002', '2024-10-10 13:28:09'),
	(161, 'Settings', 'Update Details', 'About Title: Insert your Heading Here<br /> About Description: gdfgdgcf', '1002', '2024-10-10 13:29:30'),
	(162, 'Settings', 'Update Details', 'About Title: Insert your Heading Here<br /> About Description: ', '1002', '2024-10-10 13:30:15'),
	(163, 'Settings', 'Update Details', 'About Title: Insert your Heading Here<br /> About Description: ', '1002', '2024-10-10 13:31:54'),
	(164, 'Settings', 'Update Details', 'About Title: Insert your Heading Here<br /> About Description: ', '1002', '2024-10-10 13:57:08'),
	(165, 'Settings', 'Update Details', 'About Title: Insert your Heading Here<br /> About Description: ', '1002', '2024-10-10 13:57:29'),
	(166, 'Settings', 'Update Details', ' About Title 1: Insert your Heading Here<br /> Description 1: ', '1002', '2024-10-10 13:57:29'),
	(167, 'Settings', 'Update Details', 'About Title: Insert your Heading Here<br /> About Description: ', '1002', '2024-10-10 13:57:35'),
	(168, 'Settings', 'Update Details', ' About Title 1: Insert your Heading Here<br /> Description 1: ', '1002', '2024-10-10 13:57:35'),
	(169, 'Settings', 'Update Details', 'About Title: Insert your Heading Here<br /> About Description: ', '1002', '2024-10-10 13:58:10'),
	(170, 'Settings', 'Update Details', 'About Title: Insert your Heading Here<br /> About Description: rthfghghfghfghfg', '1002', '2024-10-10 13:58:50'),
	(171, 'Settings', 'Update Details', 'About Title: Insert your Heading Here<br /> About Description: rthfghghfghfghfg', '1002', '2024-10-10 13:59:05'),
	(172, 'Settings', 'Update Details', 'About Title: Insert your Heading Here<br /> About Description: fghgfhfg', '1002', '2024-10-10 13:59:09'),
	(173, 'Settings', 'Update Details', 'About Title: Insert your Heading Here<br /> About Description: dfgdfgdf', '1002', '2024-10-10 13:59:22'),
	(174, 'Settings', 'Update Details', 'About Title: Insert your Heading Here<br /> About Description: sdfdsfds', '1002', '2024-10-10 14:01:00'),
	(175, 'Settings', 'Update Details', 'About Title: Insert your Headinghgfhgfhf<br /> About Description: ', '1002', '2024-10-10 14:01:09'),
	(176, 'Settings', 'Update Details', 'About Title: Insert your Headinghgfhgfhf<br /> About Description: asdsadas', '1002', '2024-10-10 14:03:01'),
	(177, 'Settings', 'Update Details', 'About Title: Insert your Headinghgfhgfhf<br /> About Description: Lorem Ipsum is simply dummy text of the printing and typesetting industry. Lorem Ipsum has been the industry\'s standard dummy text ever since the 1500s, when an unknown printer took a galley of type and scrambled it to make a type specimen book. It has survived not only five centuries, but also the leap into electronic typesetting, remaining essentially unchanged. It was popularised in the 1960s with the release of Letraset sheets containing Lorem Ipsum passages, and more recently with desktop publishing software like Aldus PageMaker including versions of Lorem Ipsum.', '1002', '2024-10-10 14:04:07'),
	(178, 'Settings', 'Update Details', 'About Title: Insert your Headinghgfhgfhf<br /> About Description: Lorem Ipsum is simply dummy text of the printing and typesetting industry. Lorem Ipsum has been the industry\'s standard dummy text ever since the 1500s, when an unknown printer took a galley of type and scrambled it to make a type specimen book. It has survived not only five centuries, but also the leap into electronic typesetting, remaining essentially unchanged. It was popularised in the 1960s with the release of Letraset sheets containing Lorem Ipsum passages, and more recently with desktop publishing software like Aldus PageMaker including versions of Lorem Ipsum.', '1002', '2024-10-10 14:07:31'),
	(179, 'Settings', 'Update Details', 'About Title: Insert your Headinghgfhgfhf<br /> About Description: Lorem Ipsum is simply dummy text of the printing and typesetting industry. Lorem Ipsum has been the industry\'s standard dummy text ever since the 1500s, when an unknown printer took a galley of type and scrambled it to make a type specimen book. It has survived not only five centuries, but also the leap into electronic typesetting, remaining essentially unchanged. It was popularised in the 1960s with the release of Letraset sheets containing Lorem Ipsum passages, and more recently with desktop publishing software like Aldus PageMaker including versions of Lorem Ipsum.', '1002', '2024-10-10 14:07:39'),
	(180, 'Settings', 'Update Details', 'About Title: Insert your Headinghgfhgfhf<br /> About Description: Lorem Ipsum is simply dummy text of the printing and typesetting industry. Lorem Ipsum has been the industry\'s standard dummy text ever since the 1500s, when an unknown printer took a galley of type and scrambled it to make a type specimen book. It has survived not only five centuries, but also the leap into electronic typesetting, remaining essentially unchanged. It was popularised in the 1960s with the release of Letraset sheets containing Lorem Ipsum passages, and more recently with desktop publishing software like Aldus PageMaker including versions of Lorem Ipsum.', '1002', '2024-10-10 14:07:39'),
	(181, 'Settings', 'Update Details', 'About Title: Insert your Headinghgfhgfhf<br /> About Description: Lorem Ipsum is simply dummy text of the printing and typesetting industry. Lorem Ipsum has been the industry\'s standard dummy text ever since the 1500s, when an unknown printer took a galley of type and scrambled it to make a type specimen book. It has survived not only five centuries, but also the leap into electronic typesetting, remaining essentially unchanged. It was popularised in the 1960s with the release of Letraset sheets containing Lorem Ipsum passages, and more recently with desktop publishing software like Aldus PageMaker including versions of Lorem Ipsum.', '1002', '2024-10-10 14:16:01'),
	(182, 'Settings', 'Update Details', 'About Title: Insert your Headinghgfhgfhf<br /> About Description: Lorem Ipsum is simply dummy text of the printing and typesetting industry. Lorem Ipsum has been the industry\'s standard dummy text ever since the 1500s, when an unknown printer took a galley of type and scrambled it to make a type specimen book. It has survived not only five centuries, but also the leap into electronic typesetting, remaining essentially unchanged. It was popularised in the 1960s with the release of Letraset sheets containing Lorem Ipsum passages, and more recently with desktop publishing software like Aldus PageMaker including versions of Lorem Ipsum.', '1002', '2024-10-10 14:16:05'),
	(183, 'Settings', 'Update Details', 'About Title: Insert your Headinghgfhgfhf<br /> About Description: Lorem Ipsum is simply dummy text of the printing and typesetting industry. Lorem Ipsum has been the industry\'s standard dummy text ever since the 1500s, when an unknown printer took a galley of type and scrambled it to make a type specimen book. It has survived not only five centuries, but also the leap into electronic typesetting, remaining essentially unchanged. It was popularised in the 1960s with the release of Letraset sheets containing Lorem Ipsum passages, and more recently with desktop publishing software like Aldus PageMaker including versions of Lorem Ipsum.', '1002', '2024-10-10 14:16:19'),
	(184, 'Settings', 'Update Details', ' Title 2: Insert Your Sub Heading Here<br /> Description 2: dsfgdfgfdg', '1002', '2024-10-10 14:18:35'),
	(185, 'Settings', 'Update Details', ' Title 2: <br /> Description 2: ', '1002', '2024-10-10 14:22:29'),
	(186, 'Settings', 'Update Details', ' Title 2: <br /> Description 2: ', '1002', '2024-10-10 14:24:38'),
	(187, 'Settings', 'Update Details', ' Title 2: <br /> Description 2: ', '1002', '2024-10-10 14:28:32'),
	(188, 'Settings', 'Update Details', ' Title 2: dfgdfgdfgdfgdfgdfgdfgd<br /> Description 2: ', '1002', '2024-10-10 14:29:25'),
	(189, 'Settings', 'Update Details', ' Title 2: dfgdfgdfgdfgdfgdfgdfgd<br /> Description 2: Insert Your Sub Heading Here', '1002', '2024-10-10 14:29:46'),
	(190, 'Settings', 'Update Details', ' Title 2: dfgdfgdfgdfgdfgdfgdfgd<br /> Description 2: Insert Your Sub Heading Here', '1002', '2024-10-10 14:30:01'),
	(191, 'Settings', 'Update Details', ' Title 2: Insert Your sub Heading Here<br /> Description 2: Lorem Ipsum is simply dummy text of the printing and typesetting industry. Lorem Ipsum has been the industry\'s standard dummy text ever since the 1500s, when an unknown printer took a galley of type and scrambled it to make a type specimen book. It has survived not only five centuries, but also the leap into electronic typesetting, remaining essentially unchanged. It was popularised in the 1960s with the release of Letraset sheets containing Lorem Ipsum passages, and more recently with desktop publishing software like Aldus PageMaker including versions of Lorem Ipsum.', '1002', '2024-10-10 14:30:51'),
	(192, 'Settings', 'Update Details', 'About Title: Insert your Headinghgfhgfhf<br /> About Description: Lorem Ipsum is simply dummy text of the printing and typesetting industry. Lorem Ipsum has been the industry\'s standard dummy text ever since the 1500s, when an unknown printer took a galley of type and scrambled it to make a type specimen book. It has survived not only five centuries, but also the leap into electronic typesetting, remaining essentially unchanged. It was popularised in the 1960s with the release of Letraset sheets containing Lorem Ipsum passages, and more recently with desktop publishing software like Aldus PageMaker including versions of Lorem Ipsum.', '1002', '2024-10-10 14:31:57'),
	(193, 'Settings', 'Update Details', ' Title 2: Insert Your sub Heading Here<br /> Description 2: Lorem Ipsum is simply dummy text of the printing and typesetting industry. Lorem Ipsum has been the industry\'s standard dummy text ever since the 1500s, when an unknown printer took a galley of type and scrambled it to make a type specimen book. It has survived not only five centuries, but also the leap into electronic typesetting, remaining essentially unchanged. It was popularised in the 1960s with the release of Letraset sheets containing Lorem Ipsum passages, and more recently with desktop publishing software like Aldus PageMaker including versions of Lorem Ipsum.', '1002', '2024-10-10 14:32:00'),
	(194, 'Settings', 'Update Details', 'About Title: Insert your Head<br /> About Description: Lorem Ipsum is simply dummy text of the printing and typesetting industry. Lorem Ipsum has been the industry\'s standard dummy text ever since the 1500s, when an unknown printer took a galley of type and scrambled it to make a type specimen book. It has survived not only five centuries, but also the leap into electronic typesetting, remaining essentially unchanged. It was popularised in the 1960s with the release of Letraset sheets containing Lorem Ipsum passages, and more recently with desktop publishing software like Aldus PageMaker including versions of Lorem Ipsum.', '1002', '2024-10-10 14:32:09'),
	(195, 'Settings', 'Update Details', ' Title 2: Insert Your sub Heading Here<br /> Description 2: Lorem Ipsum is simply dummy text of the printing and typesetting industry. Lorem Ipsum has been the industry\'s standard dummy text ever since the 1500s, when an unknown printer took a galley of type and scrambled it to make a type specimen book. It has survived not only five centuries, but also the leap into electronic typesetting, remaining essentially unchanged. It was popularised in the 1960s with the release of Letraset sheets containing Lorem Ipsum passages, and more recently with desktop publishing software like Aldus PageMaker including versions of Lorem Ipsum.', '1002', '2024-10-10 14:32:12'),
	(196, 'Settings', 'Update Details', ' Title 2: Insert Your sub Heading Here<br /> Description 2: Lorem Ipsum is simply dummy text of the printing and typesetting industry. Lorem Ipsum has been the industry\'s standard dummy text ever since the 1500s, when an unknown printer took a galley of type and scrambled it to make a type specimen book. It has survived not only five centuries, but also the leap into electronic typesetting, remaining essentially unchanged. It was popularised in the 1960s with the release of Letraset sheets containing Lorem Ipsum passages, and more recently with desktop publishing software like Aldus PageMaker including versions of Lorem Ipsum.', '1002', '2024-10-10 14:36:31'),
	(197, 'Settings', 'Update Details', ' Title 2: Insert Your sub Heading Here<br /> Description 2: Lorem Ipsum is simply dummy text of the printing and typesetting industry. Lorem Ipsum has been the industry\'s standard dummy text ever since the 1500s, when an unknown printer took a galley of type and scrambled it to make a type specimen book. It has survived not only five centuries, but also the leap into electronic typesetting, remaining essentially unchanged. It was popularised in the 1960s with the release of Letraset sheets containing Lorem Ipsum passages, and more recently with desktop publishing software like Aldus PageMaker including versions of Lorem Ipsum.', '1002', '2024-10-10 14:37:37'),
	(198, 'Settings', 'Update Details', ' Title 2: Insert Your sub Heading Here<br /> Description 2: Lorem Ipsum is simply dummy text of the printing and typesetting industry. Lorem Ipsum has been the industry\'s standard dummy text ever since the 1500s, when an unknown printer took a galley of type and scrambled it to make a type specimen book. It has survived not only five centuries, but also the leap into electronic typesetting, remaining essentially unchanged. It was popularised in the 1960s with the release of Letraset sheets containing Lorem Ipsum passages, and more recently with desktop publishing software like Aldus PageMaker including versions of Lorem Ipsum.', '1002', '2024-10-10 14:37:48'),
	(199, 'User', 'FAQ Added', 'Question: What is Lorem Ipsum?<br /> Answer: Lorem Ipsum is simply dummy text of the printing and typesetting industry. Lorem Ipsum has been the industry\\\'s standard dummy text ever since the 1500s, when an unknown printer took a galley of type and scrambled it to make a type specimen book. It has survived not only five centuries, but also the leap into electronic typesetting, remaining essentially unchanged. It was popularised in the 1960s with the release of Letraset sheets containing Lorem Ipsum passages, and more recently with desktop publishing software like Aldus PageMaker including versions of Lorem Ipsum.', '1002', '2024-10-10 15:09:35'),
	(200, 'User', 'FAQ Added', 'Question: What is your name?<br /> Answer: hehehe', '1002', '2024-10-10 15:10:13'),
	(201, 'User', 'FAQ Added', 'Question: What is Lorem Ipsum<br /> Answer: Lorem Ipsum is simply dummy text of the printing and typesetting industry. Lorem Ipsum has been the industry\\\'s standard dummy text ever since the 1500s, when an unknown printer took a galley of type and scrambled it to make a type specimen book. It has survived not only five centuries, but also the leap into electronic typesetting, remaining essentially unchanged. It was popularised in the 1960s with the release of Letraset sheets containing Lorem Ipsum passages, and more recently with desktop publishing software like Aldus PageMaker including versions of Lorem Ipsum.', '1002', '2024-10-10 15:10:45'),
	(202, 'User', 'FAQ Added', 'Question: Why?<br /> Answer: Ti mu', '1002', '2024-10-10 15:25:14'),
	(203, 'Settings', 'Update Web Details', 'Contact Number: +4312121<br /> Contact Number: +63978568546<br /> Email Address: cozyhome@email.com', '1002', '2024-10-10 16:12:39'),
	(204, 'Settings', 'Update Details', 'About Home: Hello World<br /> Home Title: The world is big hshfdshfdhsfhdh<br /> Sub Title: asdsa<br /> Home Description: asdas', '1002', '2024-10-10 20:25:15'),
	(205, 'Settings', 'Update Details', 'About Home: Lorem ipsum sit dolor amet sfsf sfdsf sdfo dsf sdfil hsflhg uoi iofdi ohdsiof dshf odsf sd;fisdkfhscfkvfvriosd;verpfesdjcblkf ifvjkhw hshfdslkjhjkchiudh dsiu hiufh dsiuf hfkjdhfkjdhui <br /> Home Title: Sub Heading 1<br /> Sub Title: Sub Heading 2<br /> Home Description: gfsk fds kdsf hdsfdsfksd fhs difd hdskfdsfjksdh iulhfl dsf  hdsifsdhfkjdf hhfdskfjshdfjdsfh h kh du', '1002', '2024-10-10 20:38:38'),
	(206, 'FAQ', 'FAQ Deleted', 'Question: Why?<br /> Answer: Ti mu', '1002', '2024-10-11 09:52:08'),
	(207, 'Settings', 'Update Web Details', 'Contact Number: +43676787956<br /> Contact Number: +63978568546<br /> Email Address: cozyhome@email.com', '1002', '2024-10-11 10:19:54'),
	(208, 'User', 'FAQ Added', 'Question: ¿Qué es Lorem Ipsum?<br /> Answer: Lorem Ipsum es simplemente el texto de relleno de las imprentas y archivos de texto. Lorem Ipsum ha sido el texto de relleno estándar de las industrias desde el año 1500, cuando un impresor (N. del T. persona que se dedica a la imprenta) desconocido usó una galería de textos y los mezcló de tal manera que logró hacer un libro de textos especimen. No sólo sobrevivió 500 años, sino que tambien ingresó como texto de relleno en documentos electrónicos, quedando esencialmente igual al original. Fue popularizado en los 60s con la creación de las hojas \\"Letraset\\", las cuales contenian pasajes de Lorem ', '1002', '2024-10-11 10:29:00');
/*!40000 ALTER TABLE `tr_log` ENABLE KEYS */;

-- Dumping structure for table db_cozyhome.tr_login_attempt
CREATE TABLE IF NOT EXISTS `tr_login_attempt` (
  `id` int(10) NOT NULL AUTO_INCREMENT,
  `rand` int(10) NOT NULL,
  `ip` varchar(250) NOT NULL,
  `username` varchar(250) NOT NULL,
  `password` varchar(250) NOT NULL,
  `status` int(10) NOT NULL,
  `auth` int(10) NOT NULL,
  `datetime` datetime NOT NULL DEFAULT '0000-00-00 00:00:00',
  `idnumber` varchar(100) NOT NULL,
  PRIMARY KEY (`id`)
) ENGINE=MyISAM AUTO_INCREMENT=675 DEFAULT CHARSET=latin1;

-- Dumping data for table db_cozyhome.tr_login_attempt: 674 rows
/*!40000 ALTER TABLE `tr_login_attempt` DISABLE KEYS */;
INSERT INTO `tr_login_attempt` (`id`, `rand`, `ip`, `username`, `password`, `status`, `auth`, `datetime`, `idnumber`) VALUES
	(1, 6010, '::1', 'admin', 'admin', 0, 0, '2023-05-29 13:19:33', ''),
	(2, 4973, '::1', 'admin', 'admin', 0, 0, '2023-06-06 09:39:10', ''),
	(3, 2496, '::1', 'admin', 'admin', 0, 0, '2023-08-01 14:18:39', ''),
	(4, 2897, '::1', 'admin', 'admin', 0, 0, '2023-08-01 14:22:17', ''),
	(5, 6736, '::1', 'admin', 'admin', 0, 0, '2023-08-02 10:56:29', ''),
	(6, 2120, '::1', 'admin', 'admin', 0, 0, '2023-08-03 10:12:57', ''),
	(7, 6699, '::1', 'admin', 'admin', 0, 0, '2023-08-03 11:26:09', ''),
	(8, 7987, '::1', 'admin', 'admin', 0, 0, '2023-08-03 11:26:09', ''),
	(9, 4880, '::1', 'admin', 'admin', 0, 0, '2023-08-03 11:30:17', ''),
	(10, 3059, '::1', 'admin', 'admin', 0, 0, '2023-08-03 14:10:10', ''),
	(11, 4809, '::1', 'admin', 'admin', 0, 0, '2023-08-03 14:38:19', ''),
	(12, 7063, '::1', 'admin', 'admin', 0, 0, '2023-08-04 10:20:04', ''),
	(13, 6933, '::1', 'admin', 'admin', 0, 0, '2023-08-04 10:25:25', ''),
	(14, 6020, '::1', 'admin', 'admin', 0, 0, '2023-08-04 13:49:18', ''),
	(15, 1392, '::1', 'admin', 'admin', 0, 0, '2023-08-07 13:46:52', ''),
	(16, 6852, '::1', 'admin', 'admin', 0, 0, '2023-08-08 09:27:32', ''),
	(17, 1957, '::1', 'admin', 'admin', 0, 0, '2023-08-08 13:27:51', ''),
	(18, 4734, '::1', 'admin', 'admin', 0, 0, '2023-08-10 12:00:23', ''),
	(19, 6372, '::1', 'admin', 'admin', 0, 0, '2023-08-11 09:26:26', ''),
	(20, 6632, '::1', 'admin', 'admin', 0, 0, '2023-08-11 10:49:20', ''),
	(21, 5632, '::1', 'admin', 'admin', 0, 0, '2023-08-14 09:21:22', ''),
	(22, 7938, '::1', 'admin', 'admin', 0, 0, '2023-08-14 13:04:47', ''),
	(23, 7663, '::1', 'admin', 'admin', 0, 0, '2023-08-15 09:32:39', ''),
	(24, 5828, '::1', 'admin', 'admin', 0, 0, '2023-08-16 09:40:53', ''),
	(25, 8237, '::1', 'admin', 'admin', 0, 0, '2023-08-16 10:05:24', ''),
	(26, 2143, '::1', 'admin', 'admin', 0, 0, '2023-08-16 12:56:17', ''),
	(27, 8067, '::1', 'admin', 'admin', 0, 0, '2023-08-16 17:37:16', ''),
	(28, 5877, '::1', 'admin', 'admin', 0, 0, '2023-08-17 10:02:53', ''),
	(29, 5191, '::1', 'admin', 'admin', 0, 0, '2023-08-18 09:50:03', ''),
	(30, 1330, '::1', 'admin', 'admin', 0, 0, '2023-08-22 09:27:18', ''),
	(31, 2674, '::1', 'admin', 'admin', 0, 0, '2023-08-23 09:22:56', ''),
	(32, 5359, '::1', 'admin', 'admin', 0, 0, '2023-08-30 15:39:40', ''),
	(33, 4068, '::1', 'admin', 'admin', 0, 0, '2023-08-31 08:39:44', ''),
	(34, 3367, '::1', 'admin', 'admin', 0, 0, '2023-09-04 11:39:47', ''),
	(35, 3101, '::1', 'admin', 'adminn', 0, 1, '0000-00-00 00:00:00', ''),
	(36, 7093, '::1', 'admin', 'admin', 0, 0, '2023-09-05 09:13:18', ''),
	(37, 5252, '::1', 'admin', 'admin', 0, 0, '2024-02-21 08:51:50', ''),
	(38, 8829, '::1', 'admin', 'admin', 0, 0, '2024-02-21 16:54:48', ''),
	(39, 1729, '::1', 'admin', 'admin', 0, 0, '2024-02-22 13:03:12', ''),
	(40, 5060, '::1', 'admin', 'admin', 0, 0, '2024-02-22 14:45:56', ''),
	(41, 8131, '::1', 'admin', 'admin', 0, 0, '2024-02-22 14:52:20', ''),
	(42, 7016, '::1', 'admin', 'admin', 0, 0, '2024-02-22 14:53:02', ''),
	(43, 3525, '::1', 'admin', 'admin', 0, 0, '2024-02-22 14:54:45', ''),
	(44, 1327, '::1', 'admin', 'admin', 0, 0, '2024-02-22 16:12:05', ''),
	(45, 5721, '::1', 'admin', 'admin', 0, 0, '2024-02-22 16:19:55', ''),
	(46, 1885, '::1', 'admin', 'admin', 0, 0, '2024-02-23 09:10:30', ''),
	(47, 0, '', '', '', 0, 0, '2024-02-23 09:29:55', ''),
	(48, 0, '', '', '', 0, 0, '2024-02-23 09:30:30', ''),
	(49, 0, '', '', '', 0, 0, '2024-02-23 09:30:33', ''),
	(50, 0, '', '', '', 0, 0, '2024-02-23 09:30:53', ''),
	(51, 0, '', '', '', 0, 0, '2024-02-23 09:31:16', ''),
	(52, 0, '', 'admin', 'admin', 0, 0, '2024-02-23 10:31:00', ''),
	(53, 0, '', 'admin', 'admin', 0, 0, '2024-02-23 10:31:36', ''),
	(54, 0, '', 'adsa', 'asdsa', 0, 0, '2024-02-23 10:32:35', ''),
	(55, 0, '', 'admin', 'asdsa', 0, 0, '2024-02-23 10:33:37', ''),
	(56, 0, '', 'admin', 'admin', 0, 0, '2024-02-23 10:37:13', ''),
	(57, 2454, '::1', 'admin', 'admin', 0, 0, '2024-02-23 11:05:31', ''),
	(58, 0, '', 'admin', '1232', 0, 0, '2024-02-23 11:05:53', ''),
	(59, 0, '', 'admin', 'admin', 0, 0, '2024-02-23 11:05:58', ''),
	(60, 0, '', '', '', 0, 0, '2024-02-23 11:07:36', ''),
	(61, 0, '', 'admin2', 'admin', 0, 0, '2024-02-23 11:08:44', ''),
	(62, 0, '', 'admin', 'admin', 0, 0, '2024-02-23 11:11:33', ''),
	(63, 0, '', 'admin', 'admin', 0, 0, '2024-02-23 11:12:46', ''),
	(64, 0, '', 'admin', '32', 0, 0, '2024-02-23 11:22:08', ''),
	(65, 0, '', 'admin', 'admin', 0, 0, '2024-02-23 11:22:30', ''),
	(66, 0, '', 'admin', 'admin', 0, 0, '2024-02-23 11:34:53', ''),
	(67, 2016, '::1', '', 'sadsa', 0, 1, '2024-02-23 11:35:38', ''),
	(68, 3139, '::1', '', 'asdsa', 0, 1, '2024-02-23 11:36:31', ''),
	(69, 0, '', 'admin', 'admin', 0, 0, '2024-02-23 11:52:39', ''),
	(70, 0, '', 'admin', 'admin', 0, 0, '2024-02-23 13:37:59', ''),
	(71, 4895, '::1', 'admin', 'admin', 0, 0, '2024-02-23 16:26:38', ''),
	(72, 5397, '::1', 'admin', 'admin', 0, 0, '2024-02-23 16:27:04', ''),
	(73, 5151, '::1', 'admin', 'admin', 0, 0, '2024-02-23 16:27:21', ''),
	(74, 2055, '::1', 'admin', 'admin', 0, 0, '2024-02-23 16:28:02', ''),
	(75, 5178, '::1', 'admin', 'admin', 0, 0, '2024-02-23 16:28:11', ''),
	(76, 3570, '::1', 'admin', 'admin', 0, 0, '2024-02-23 16:29:36', ''),
	(77, 7125, '::1', 'admin', 'admin', 0, 0, '2024-02-23 16:30:34', ''),
	(78, 2117, '::1', 'admin', 'admin', 0, 0, '2024-02-23 16:36:33', ''),
	(79, 6352, '::1', 'admin', 'admin', 0, 0, '2024-02-23 16:40:00', ''),
	(80, 1085, '::1', 'admin', 'admin', 0, 0, '2024-02-23 16:50:41', ''),
	(81, 8790, '::1', 'admin', 'admin', 0, 0, '2024-02-26 09:16:53', ''),
	(82, 7492, '::1', 'admin', 'admin', 0, 0, '2024-02-26 09:17:40', ''),
	(83, 7492, '::1', 'admin', 'admin', 0, 1, '2024-02-26 09:17:40', ''),
	(84, 3643, '::1', 'admin', 'admin', 0, 0, '2024-02-26 09:17:43', ''),
	(85, 3643, '::1', 'admin', 'admin', 0, 1, '2024-02-26 09:17:43', ''),
	(86, 1948, '::1', 'admin', 'admin', 0, 0, '2024-02-26 09:17:46', ''),
	(87, 1948, '::1', 'admin', 'admin', 0, 1, '2024-02-26 09:17:46', ''),
	(88, 7943, '::1', 'admin', 'admin', 0, 0, '2024-02-26 09:18:07', ''),
	(89, 7943, '::1', 'admin', 'admin', 0, 1, '2024-02-26 09:18:07', ''),
	(90, 6656, '::1', 'admin', 'admin', 0, 0, '2024-02-26 09:18:09', ''),
	(91, 6656, '::1', 'admin', 'admin', 0, 1, '2024-02-26 09:18:09', ''),
	(92, 1831, '::1', 'admin', 'admin', 0, 0, '2024-02-26 09:18:12', ''),
	(93, 7307, '::1', 'admin', 'admin', 0, 0, '2024-02-26 09:19:56', ''),
	(94, 8382, '::1', 'admin', 'admin', 0, 0, '2024-02-26 09:20:00', ''),
	(95, 5230, '::1', 'admin', 'admin', 0, 0, '2024-02-26 09:20:06', ''),
	(96, 7228, '::1', 'admin', 'admin', 0, 0, '2024-02-26 09:20:18', ''),
	(97, 4066, '::1', 'admin', 'admin', 0, 0, '2024-02-26 09:20:43', ''),
	(98, 2039, '::1', 'admin', 'admin', 0, 0, '2024-02-26 09:21:02', ''),
	(99, 7213, '::1', 'ronald', 'admin', 0, 1, '2024-02-26 09:23:27', ''),
	(100, 8748, '::1', 'admin', 'admin', 0, 0, '2024-02-26 09:23:33', ''),
	(101, 6657, '::1', 'admin', '123', 0, 1, '2024-02-26 09:26:01', ''),
	(102, 5698, '::1', 'admin', '123', 0, 1, '2024-02-26 09:27:04', ''),
	(103, 6065, '::1', 'admin', '12312321', 0, 1, '2024-02-26 09:27:08', ''),
	(104, 4711, '::1', 'admin', 'admin', 0, 0, '2024-02-26 09:27:45', ''),
	(105, 1972, '::1', 'admin', 'asdas', 0, 1, '2024-02-26 09:28:02', ''),
	(106, 4676, '::1', 'admin', 'admin', 0, 0, '2024-02-26 09:28:05', ''),
	(107, 3059, '::1', 'admin', 'admin', 0, 0, '2024-02-26 09:32:41', ''),
	(108, 3132, '::1', 'admin', 'admin', 0, 0, '2024-02-26 09:32:49', ''),
	(109, 4392, '::1', 'kevin', 'admin', 0, 1, '2024-02-26 09:32:56', ''),
	(110, 7150, '::1', 'Ronald', 'admin', 0, 1, '2024-02-26 09:33:01', ''),
	(111, 7307, '::1', 'admin', 'admin', 0, 0, '2024-02-26 09:33:04', ''),
	(112, 3199, '::1', 'admin', 'admin', 0, 0, '2024-02-26 09:34:42', ''),
	(113, 6340, '::1', 'admin', 'admin', 0, 0, '2024-02-26 09:34:49', ''),
	(114, 1550, '::1', 'admin', 'admin', 0, 0, '2024-02-26 10:00:50', ''),
	(115, 1296, '::1', 'admin', '123', 0, 1, '2024-02-26 10:00:57', ''),
	(116, 6815, '::1', 'admin', '123123', 0, 1, '2024-02-26 10:01:05', ''),
	(117, 1378, '::1', 'admin', 'admin', 0, 0, '2024-02-26 10:01:49', ''),
	(118, 5190, '::1', 'ronald', 'ronald', 0, 1, '2024-02-26 10:08:57', ''),
	(119, 2074, '::1', 'admin', 'admin', 0, 0, '2024-02-26 10:09:22', ''),
	(120, 3811, '::1', 'Ronald', '123', 0, 1, '2024-02-26 10:09:59', ''),
	(121, 3420, '::1', 'ronald', 'ronald', 0, 1, '2024-02-26 10:10:02', ''),
	(122, 5873, '::1', 'kevin', 'kevin', 0, 1, '2024-02-26 10:12:43', ''),
	(123, 2800, '::1', 'ronald', 'ronald', 0, 1, '2024-02-26 10:14:45', ''),
	(124, 2237, '::1', 'vladi', 'vladi', 0, 1, '2024-02-26 10:14:48', ''),
	(125, 1998, '::1', 'admin', 'admin', 0, 0, '2024-02-26 15:47:16', ''),
	(126, 1881, '::1', 'admin', 'admin', 0, 0, '2024-02-26 15:50:25', ''),
	(127, 8547, '::1', 'admin', 'admin', 0, 0, '2024-02-26 15:51:48', ''),
	(128, 2678, '::1', 'admin', 'admin', 0, 0, '2024-02-26 15:53:29', ''),
	(129, 1729, '::1', 'admin', 'admin', 0, 0, '2024-02-26 15:58:46', ''),
	(130, 8705, '::1', 'admin', 'amdin', 0, 1, '2024-02-26 16:00:20', ''),
	(131, 3148, '::1', 'admin', 'amdin', 0, 1, '2024-02-26 16:01:43', ''),
	(132, 1449, '::1', 'admin', 'amdin', 0, 1, '2024-02-26 16:03:02', ''),
	(133, 5565, '::1', 'admin', 'admin', 0, 0, '2024-02-26 16:03:10', ''),
	(134, 6878, '::1', 'admin', 'admin', 0, 0, '2024-02-26 16:07:42', ''),
	(135, 7859, '::1', 'admin', 'admin', 0, 0, '2024-02-26 16:07:47', ''),
	(136, 1983, '::1', 'admin', 'admin', 0, 0, '2024-02-26 16:08:01', ''),
	(137, 6355, '::1', 'admin', 'admin', 0, 0, '2024-02-26 16:08:07', ''),
	(138, 8565, '::1', 'admin', 'admin', 0, 0, '2024-02-26 16:08:32', ''),
	(139, 2306, '::1', 'admin', 'admin', 0, 0, '2024-02-26 16:08:36', ''),
	(140, 2721, '::1', 'admin', 'admin', 0, 0, '2024-02-26 16:08:51', ''),
	(141, 1260, '::1', 'admin', 'admin', 0, 0, '2024-02-26 16:08:57', ''),
	(142, 3190, '::1', 'admin', 'admin', 0, 0, '2024-02-26 16:10:03', ''),
	(143, 2125, '::1', 'admin', 'admin', 0, 0, '2024-02-26 16:10:07', ''),
	(144, 5081, '::1', 'admin', 'admin', 0, 0, '2024-02-26 16:12:52', ''),
	(145, 7799, '::1', 'admin', 'admin', 0, 0, '2024-02-26 16:13:11', ''),
	(146, 2675, '::1', 'admi', 'admin', 0, 1, '2024-02-26 16:13:29', ''),
	(147, 7412, '::1', 'admin', 'admin', 0, 0, '2024-02-26 16:13:33', ''),
	(148, 8909, '::1', 'admin', 'admin', 0, 0, '2024-02-26 16:17:42', ''),
	(149, 4921, '::1', 'admin', 'admin', 0, 0, '2024-02-26 16:17:46', ''),
	(150, 7079, '::1', 'admin', 'admin', 0, 0, '2024-02-26 16:17:54', ''),
	(151, 3584, '::1', 'admin', 'admin', 0, 0, '2024-02-26 16:18:02', ''),
	(152, 1997, '::1', 'admin', 'admin', 0, 0, '2024-02-26 16:19:32', ''),
	(153, 5526, '::1', 'admin', 'admin', 0, 0, '2024-02-26 16:22:38', ''),
	(154, 7957, '::1', 'admin', 'admin', 0, 0, '2024-02-26 16:22:51', ''),
	(155, 5002, '::1', 'admin', 'admin', 0, 0, '2024-02-26 16:26:14', ''),
	(156, 4498, '::1', 'admin', 'admin', 0, 0, '2024-02-26 16:26:20', ''),
	(157, 6728, '::1', 'admin', 'admin', 0, 0, '2024-02-26 16:26:51', ''),
	(158, 8778, '::1', 'admin', 'admin', 0, 0, '2024-02-26 16:27:53', ''),
	(159, 2411, '::1', 'admin', 'admin', 0, 0, '2024-02-26 16:28:55', ''),
	(160, 1983, '::1', 'admin', 'admin', 0, 0, '2024-02-26 16:29:10', ''),
	(161, 5853, '::1', 'admin', 'admin', 0, 0, '2024-02-26 16:29:15', ''),
	(162, 4878, '::1', 'admin', 'adin', 0, 1, '2024-02-26 16:46:16', ''),
	(163, 3788, '::1', 'admin', 'adin', 0, 1, '2024-02-26 16:46:23', ''),
	(164, 2328, '::1', 'admin', 'admin', 0, 0, '2024-02-26 16:46:27', ''),
	(165, 8065, '::1', 'admin', 'admin', 0, 0, '2024-02-26 16:57:17', ''),
	(166, 7534, '::1', 'admin', 'admin', 0, 0, '2024-02-27 09:14:51', ''),
	(167, 4861, '::1', 'admin', 'admin', 0, 0, '2024-02-27 15:38:59', ''),
	(168, 6617, '::1', 'admin', 'admin', 0, 0, '2024-02-27 15:45:26', ''),
	(169, 3287, '::1', 'admin', 'admin', 0, 0, '2024-02-27 15:45:43', ''),
	(170, 6475, '::1', 'admin', 'admin', 0, 0, '2024-02-27 15:45:55', ''),
	(171, 7396, '::1', 'qwer', '123', 0, 0, '2024-02-27 17:02:03', ''),
	(172, 7253, '::1', 'qwer', '123', 0, 0, '2024-02-27 17:03:06', ''),
	(173, 3810, '::1', 'admin', 'admin', 0, 0, '2024-02-27 17:03:19', ''),
	(174, 6340, '::1', 'admin', 'admin', 0, 0, '2024-02-28 09:13:04', ''),
	(175, 4067, '::1', 'admin', 'admin', 0, 0, '2024-02-28 10:36:52', ''),
	(176, 3151, '::1', 'admin', 'admin', 0, 0, '2024-02-28 10:52:16', ''),
	(177, 4949, '::1', 'admin', 'admin', 0, 0, '2024-02-28 11:36:29', ''),
	(178, 3315, '::1', 'admin', 'admin', 0, 0, '2024-02-28 11:37:48', ''),
	(179, 7968, '::1', 'admin', 'admin', 0, 0, '2024-02-28 11:43:29', ''),
	(180, 4920, '::1', 'admin', 'admin', 0, 0, '2024-02-28 14:02:30', ''),
	(181, 4761, '::1', 'Kevin', '1234', 0, 0, '2024-02-28 14:21:33', ''),
	(182, 1625, '::1', 'Kevin', 'admin', 0, 1, '2024-02-28 14:25:25', ''),
	(183, 2580, '::1', 'Kevin', '123', 0, 1, '2024-02-28 14:25:31', ''),
	(184, 3952, '::1', 'Kevin', '1234', 0, 0, '2024-02-28 14:25:35', ''),
	(185, 5650, '::1', 'admin', 'admin', 0, 1, '2024-02-28 14:36:25', ''),
	(186, 1271, '::1', 'admin', 'admin', 0, 1, '2024-02-28 14:36:28', ''),
	(187, 5070, '::1', 'Kevin', 'admin', 0, 1, '2024-02-28 14:36:32', ''),
	(188, 3485, '::1', 'admin', 'admin', 0, 1, '2024-02-28 14:36:39', ''),
	(189, 8039, '::1', 'Kevin', 'admin', 0, 1, '2024-02-28 14:36:52', ''),
	(190, 8462, '::1', 'admin', '1234', 0, 0, '2024-02-28 14:37:05', ''),
	(191, 2213, '::1', 'admin', 'admin', 0, 1, '2024-02-28 14:37:21', ''),
	(192, 2993, '::1', 'Admin', 'admin', 0, 1, '2024-02-28 14:37:24', ''),
	(193, 1041, '::1', 'admin', 'admin', 0, 1, '2024-02-28 14:37:42', ''),
	(194, 2060, '::1', 'Kevin', 'admin', 0, 1, '2024-02-28 14:37:54', ''),
	(195, 3694, '::1', 'admin', 'admin', 0, 1, '2024-02-28 14:37:58', ''),
	(196, 2375, '::1', 'Admin', 'admin', 0, 1, '2024-02-28 14:38:00', ''),
	(197, 1065, '::1', 'Admin', 'admin', 0, 1, '2024-02-28 14:38:33', ''),
	(198, 7425, '::1', 'Admin', 'admin', 0, 1, '2024-02-28 14:38:46', ''),
	(199, 3285, '::1', 'admin', 'admin', 0, 1, '2024-02-28 14:38:59', ''),
	(200, 6082, '::1', 'Kevin', 'admin', 0, 1, '2024-02-28 14:39:02', ''),
	(201, 8722, '::1', 'admin', 'admin', 0, 1, '2024-02-28 14:39:24', ''),
	(202, 4747, '::1', 'admin', 'admin', 0, 1, '2024-02-28 14:40:44', ''),
	(203, 2063, '::1', 'admin', 'admin', 0, 1, '2024-02-28 14:40:47', ''),
	(204, 1445, '::1', 'admin', 'admin', 0, 1, '2024-02-28 14:41:28', ''),
	(205, 7281, '::1', 'Kevin', 'admin', 0, 1, '2024-02-28 14:41:32', ''),
	(206, 5832, '::1', 'finipyxime', 'Pa$$w0rd!', 0, 0, '2024-02-28 14:41:41', ''),
	(207, 2761, '::1', 'admin', 'admin', 0, 1, '2024-02-28 14:42:35', ''),
	(208, 5167, '::1', 'admin', 'admin', 0, 1, '2024-02-28 14:42:43', ''),
	(209, 7988, '::1', 'admin', 'admin', 0, 1, '2024-02-28 14:43:30', ''),
	(210, 3083, '::1', 'admin', 'admin', 0, 1, '2024-02-28 14:43:35', ''),
	(211, 8168, '::1', 'ronald', '12345', 0, 0, '2024-02-28 14:44:36', ''),
	(212, 5802, '::1', 'admin', 'admin', 0, 1, '2024-02-28 14:55:58', ''),
	(213, 3044, '::1', 'ronald', '12345', 0, 0, '2024-02-28 14:58:23', ''),
	(214, 5070, '::1', 'admin', 'admin', 0, 1, '2024-02-28 15:06:36', ''),
	(215, 8888, '::1', 'Ronald', 'admin', 0, 1, '2024-02-28 15:06:39', ''),
	(216, 1856, '::1', 'ronald', '1234', 0, 1, '2024-02-28 15:06:43', ''),
	(217, 8094, '::1', 'admin', 'admin', 0, 1, '2024-02-28 15:07:23', ''),
	(218, 2922, '::1', 'ronald', '12345', 0, 0, '2024-02-28 15:07:29', ''),
	(219, 7356, '::1', 'admin', 'admin', 0, 0, '2024-02-28 15:14:59', ''),
	(220, 2479, '::1', 'olympia', '1234', 0, 0, '2024-02-28 15:17:12', ''),
	(221, 7529, '::1', 'ronald', '12345', 0, 0, '2024-02-28 15:25:08', ''),
	(222, 4361, '::1', 'admin', 'admin', 0, 0, '2024-02-29 09:07:16', ''),
	(223, 7355, '::1', 'admin', 'admin', 0, 0, '2024-02-29 15:39:05', ''),
	(224, 4235, '::1', 'admin', 'admin', 0, 0, '2024-02-29 15:40:26', ''),
	(225, 1971, '::1', 'admin', 'admin', 0, 0, '2024-02-29 15:40:43', ''),
	(226, 3912, '::1', 'admin', 'admin', 0, 0, '2024-02-29 15:44:49', ''),
	(227, 8904, '::1', 'admin', 'admin', 0, 0, '2024-02-29 15:46:07', ''),
	(228, 6370, '::1', 'admin', 'admin', 0, 0, '2024-02-29 16:01:39', ''),
	(229, 1818, '::1', 'admin', 'admin', 0, 0, '2024-02-29 16:02:17', ''),
	(230, 6132, '::1', 'admin', 'admin', 0, 0, '2024-02-29 16:03:02', ''),
	(231, 8871, '::1', 'admin', 'admin', 0, 0, '2024-02-29 16:03:34', ''),
	(232, 3422, '::1', 'admin', 'admin', 0, 0, '2024-02-29 16:04:45', ''),
	(233, 4833, '::1', 'admin', 'admin', 0, 0, '2024-03-01 09:32:17', ''),
	(234, 8473, '::1', 'admin', 'admin', 0, 0, '2024-03-01 09:32:30', ''),
	(235, 3329, '::1', 'admin', 'admin', 0, 0, '2024-03-01 13:11:56', ''),
	(236, 6532, '::1', 'admin', 'admin', 0, 0, '2024-03-01 13:12:08', ''),
	(237, 7309, '::1', 'admin', 'admin', 0, 0, '2024-03-01 13:23:39', ''),
	(238, 6983, '::1', 'admin', 'admin', 0, 0, '2024-03-04 08:57:53', ''),
	(239, 8995, '::1', 'admin', 'admin', 0, 0, '2024-03-04 11:46:40', ''),
	(240, 1683, '::1', 'admin', 'admin', 0, 0, '2024-03-04 13:33:00', ''),
	(241, 7902, '::1', 'admin', 'admin', 0, 0, '2024-03-04 15:34:11', ''),
	(242, 6581, '::1', 'admin', 'admin', 0, 0, '2024-03-05 09:34:44', ''),
	(243, 3231, '::1', 'admin', 'admin', 0, 0, '2024-03-06 10:56:19', ''),
	(244, 6222, '::1', 'admin', 'admin', 0, 0, '2024-03-07 08:51:52', ''),
	(245, 7804, '::1', 'admin', 'admin', 0, 0, '2024-03-07 15:39:08', ''),
	(246, 6656, '::1', 'admin', 'admin', 0, 0, '2024-03-07 15:46:43', ''),
	(247, 5019, '::1', 'admin', 'admin', 0, 0, '2024-03-07 16:40:08', ''),
	(248, 5371, '::1', 'kevin', '1234', 0, 0, '2024-03-07 16:42:13', ''),
	(249, 4941, '::1', 'admin', 'admin', 0, 0, '2024-03-07 16:43:39', ''),
	(250, 5172, '::1', 'admin', 'admin', 0, 0, '2024-03-08 08:56:16', ''),
	(251, 4403, '::1', 'admin', 'admin', 0, 0, '2024-03-08 14:30:41', ''),
	(252, 1485, '::1', 'kevin', '1234', 0, 0, '2024-03-08 15:27:17', ''),
	(253, 5757, '::1', 'admin', 'admin', 0, 0, '2024-03-08 15:30:21', ''),
	(254, 4773, '::1', 'admin', 'admin', 0, 0, '2024-03-11 09:13:59', ''),
	(255, 1765, '::1', 'kevin', '1234', 0, 0, '2024-03-11 10:18:32', ''),
	(256, 6877, '::1', 'admin', 'admin', 0, 0, '2024-03-11 10:18:45', ''),
	(257, 3334, '::1', 'kevin', '1234', 0, 0, '2024-03-11 10:22:00', ''),
	(258, 2155, '::1', 'admin', 'admin', 0, 0, '2024-03-11 10:23:03', ''),
	(259, 6786, '::1', 'kevin', '1234', 0, 0, '2024-03-11 10:34:28', ''),
	(260, 2479, '::1', 'admin', 'admin', 0, 0, '2024-03-11 14:39:57', ''),
	(261, 8820, '::1', 'ronald', 'admin', 0, 1, '2024-03-11 14:42:56', ''),
	(262, 8679, '::1', 'admin', 'admin', 0, 0, '2024-03-11 14:43:23', ''),
	(263, 4014, '::1', 'vladimer', '1234', 0, 0, '2024-03-11 14:43:56', ''),
	(264, 1483, '::1', 'admin', 'admin', 0, 0, '2024-03-11 14:47:15', ''),
	(265, 4712, '::1', 'kevin', '1234', 0, 0, '2024-03-11 15:06:37', ''),
	(266, 8927, '::1', 'admin', 'admin', 0, 0, '2024-03-11 15:12:49', ''),
	(267, 6933, '::1', 'kevin', '1234', 0, 0, '2024-03-11 15:17:38', ''),
	(268, 8825, '::1', 'admin', 'admin', 0, 0, '2024-03-11 15:22:44', ''),
	(269, 5892, '::1', 'kevin', '1234', 0, 0, '2024-03-11 16:13:42', ''),
	(270, 8634, '::1', 'admin', 'admin', 0, 0, '2024-03-11 16:18:44', ''),
	(271, 1837, '::1', 'odette', '1234', 0, 1, '2024-03-11 16:29:27', ''),
	(272, 6856, '::1', 'Odette', '1234', 0, 1, '2024-03-11 16:29:34', ''),
	(273, 4199, '::1', 'Romeo', '1234', 0, 1, '2024-03-11 16:29:50', ''),
	(274, 5953, '::1', 'Romeo', '1234', 0, 1, '2024-03-11 16:30:12', ''),
	(275, 5918, '::1', 'admin', 'admin', 0, 0, '2024-03-11 16:30:20', ''),
	(276, 4879, '::1', 'admin', 'admin', 0, 0, '2024-03-11 16:33:31', ''),
	(277, 7803, '::1', 'Oliver', '1234', 0, 0, '2024-03-11 16:41:01', ''),
	(278, 7656, '::1', 'Oliver', '1234', 0, 0, '2024-03-11 16:41:39', ''),
	(279, 8525, '::1', 'admin', 'admin', 0, 0, '2024-03-11 16:41:49', ''),
	(280, 8842, '::1', 'Oliver', '1234', 0, 0, '2024-03-11 16:42:31', ''),
	(281, 5365, '::1', 'admin', 'admin', 0, 0, '2024-03-11 16:55:49', ''),
	(282, 5689, '::1', 'oliver', '1234', 0, 0, '2024-03-11 17:00:50', ''),
	(283, 1847, '::1', 'admin', 'admin', 0, 0, '2024-03-11 17:02:54', ''),
	(284, 4768, '::1', 'oliver', '1234', 0, 0, '2024-03-11 17:03:32', ''),
	(285, 4557, '::1', 'admin', 'admin', 0, 0, '2024-03-11 17:05:02', ''),
	(286, 8424, '::1', 'admin', 'admin', 0, 0, '2024-03-12 09:22:43', ''),
	(287, 4798, '::1', 'kevin', '1234', 0, 0, '2024-03-12 10:09:43', ''),
	(288, 1896, '::1', 'kevin', '1234', 0, 0, '2024-03-12 16:09:42', ''),
	(289, 8130, '::1', 'admin', 'admin', 0, 0, '2024-03-13 08:17:34', ''),
	(290, 6927, '::1', 'kevin', '1234', 0, 0, '2024-03-13 08:54:40', ''),
	(291, 5137, '::1', 'Oliver', 'Oliver', 0, 1, '2024-03-13 10:37:17', ''),
	(292, 8626, '::1', 'Oliver', 'Oliver', 0, 1, '2024-03-13 10:37:23', ''),
	(293, 5114, '::1', 'oliver', 'oliver', 0, 1, '2024-03-13 10:37:26', ''),
	(294, 4871, '::1', 'oliver', '1234', 0, 0, '2024-03-13 10:37:30', ''),
	(295, 6442, '::1', 'admin', 'admin', 0, 0, '2024-03-13 13:53:17', ''),
	(296, 6205, '::1', 'admin', 'admin', 0, 0, '2024-03-13 13:58:56', ''),
	(297, 2419, '::1', 'kevin', '1234', 0, 0, '2024-03-13 15:49:58', ''),
	(298, 4308, '::1', 'admin', 'admin', 0, 0, '2024-03-13 16:53:27', ''),
	(299, 7409, '::1', 'admin', 'admin', 0, 0, '2024-03-13 16:54:07', ''),
	(300, 8891, '::1', 'admin', 'admin', 0, 0, '2024-03-14 09:08:27', ''),
	(301, 4965, '::1', 'kevin', '2134', 0, 1, '2024-03-14 09:08:58', ''),
	(302, 6216, '::1', 'kevin', '1234', 0, 0, '2024-03-14 09:09:02', ''),
	(303, 2945, '::1', 'admin', 'admin', 0, 0, '2024-03-14 11:37:44', ''),
	(304, 6880, '::1', 'kevin', '1234', 0, 0, '2024-03-14 11:42:16', ''),
	(305, 4378, '::1', 'kevin', '1234', 0, 0, '2024-03-14 13:15:15', ''),
	(306, 3567, '::1', 'oliver', 'oliver', 0, 1, '2024-03-14 14:59:58', ''),
	(307, 4822, '::1', 'oliver', '1234', 0, 0, '2024-03-14 15:00:01', ''),
	(308, 4058, '::1', 'admin', 'admin', 0, 0, '2024-03-14 15:00:13', ''),
	(309, 2751, '::1', 'oliver', '1234', 0, 0, '2024-03-14 15:01:06', ''),
	(310, 8427, '::1', 'kevin', '1234', 0, 0, '2024-03-14 15:42:28', ''),
	(311, 8870, '::1', 'oliver', '1234', 0, 0, '2024-03-14 16:00:30', ''),
	(312, 2622, '::1', 'vladi', '1234', 0, 1, '2024-03-14 16:05:55', ''),
	(313, 3557, '::1', 'vladimer', '1234', 0, 0, '2024-03-14 16:05:58', ''),
	(314, 3140, '::1', 'kevin', '1234', 0, 0, '2024-03-14 16:06:15', ''),
	(315, 2145, '::1', 'kevin', '1234', 0, 0, '2024-03-15 09:04:58', ''),
	(316, 3567, '::1', 'oliver', '2134', 0, 1, '2024-03-15 09:05:45', ''),
	(317, 5825, '::1', 'oliver', 'oliver', 0, 1, '2024-03-15 09:05:48', ''),
	(318, 1599, '::1', 'oliver', 'oliver', 0, 1, '2024-03-15 09:05:53', ''),
	(319, 6907, '::1', 'oliver', 'oliver', 0, 1, '2024-03-15 09:06:07', ''),
	(320, 6744, '::1', 'oliver', '1234', 0, 0, '2024-03-15 09:06:11', ''),
	(321, 8716, '::1', 'admin', 'admin', 0, 0, '2024-03-15 09:14:25', ''),
	(322, 8207, '::1', 'kevin', '1234', 0, 0, '2024-03-15 09:20:43', ''),
	(323, 4234, '::1', 'oliver', '1234', 0, 0, '2024-03-15 09:30:02', ''),
	(324, 3895, '::1', 'kevin', '1234', 0, 0, '2024-03-15 09:31:23', ''),
	(325, 6159, '::1', 'admin', 'admin', 0, 0, '2024-03-15 09:50:28', ''),
	(326, 2157, '::1', 'kevin', '1234', 0, 0, '2024-03-15 10:38:56', ''),
	(327, 2153, '::1', 'oliver', '1234', 0, 0, '2024-03-15 10:43:05', ''),
	(328, 8996, '::1', 'admin', 'admin', 0, 0, '2024-03-15 10:45:23', ''),
	(329, 6607, '::1', 'admin', 'admin', 0, 0, '2024-03-15 10:48:31', ''),
	(330, 2977, '::1', 'Vladi', '12345', 0, 1, '2024-03-15 10:50:12', ''),
	(331, 2262, '::1', 'Vladi', '1234', 0, 0, '2024-03-15 10:50:17', ''),
	(332, 6563, '::1', 'admin', 'admin', 0, 0, '2024-03-15 10:50:43', ''),
	(333, 8118, '::1', 'Hiram', '1234', 0, 0, '2024-03-15 10:53:47', ''),
	(334, 3289, '::1', 'admin', 'admin', 0, 0, '2024-03-15 10:54:04', ''),
	(335, 3412, '::1', 'Hiram', '1234', 0, 0, '2024-03-15 10:54:52', ''),
	(336, 3569, '::1', 'admin', 'admin', 0, 0, '2024-03-15 10:57:05', ''),
	(337, 1955, '::1', 'Erin', '1234', 0, 0, '2024-03-15 11:36:48', ''),
	(338, 4817, '::1', 'admin', 'admin', 0, 0, '2024-03-15 11:37:04', ''),
	(339, 6354, '::1', 'Erin', '1234', 0, 0, '2024-03-15 11:37:42', ''),
	(340, 4813, '::1', 'admin', 'admin', 0, 0, '2024-03-15 11:38:02', ''),
	(341, 5685, '::1', 'oliver', '1234', 0, 0, '2024-03-15 11:46:00', ''),
	(342, 3767, '::1', 'admin', 'admin', 0, 0, '2024-03-15 14:07:54', ''),
	(343, 3507, '::1', 'oliver', 'oliver', 0, 1, '2024-03-15 14:15:50', ''),
	(344, 7171, '::1', 'kevin', '1234', 0, 0, '2024-03-15 14:15:54', ''),
	(345, 2183, '::1', 'oliver', '1234', 0, 0, '2024-03-15 16:01:46', ''),
	(346, 3151, '::1', 'kevin', '1234', 0, 0, '2024-03-15 16:03:37', ''),
	(347, 2532, '::1', 'vladi', '1234', 0, 0, '2024-03-15 16:05:34', ''),
	(348, 1165, '::1', 'oliver', '1234', 0, 0, '2024-03-15 16:06:01', ''),
	(349, 6963, '::1', 'kevin', '1234', 0, 0, '2024-03-15 16:06:44', ''),
	(350, 4040, '::1', 'oliver', '1234', 0, 0, '2024-03-15 16:34:49', ''),
	(351, 3247, '::1', 'kevin', '1234', 0, 0, '2024-03-15 16:41:11', ''),
	(352, 6546, '::1', 'admin', 'admin', 0, 0, '2024-03-18 09:35:47', ''),
	(353, 6261, '::1', 'admin', 'admin', 0, 0, '2024-03-18 12:56:21', ''),
	(354, 2987, '::1', 'ronald', '1234', 0, 0, '2024-03-18 14:30:15', ''),
	(355, 1174, '::1', 'admin', 'admin', 0, 0, '2024-03-18 14:30:33', ''),
	(356, 1501, '::1', 'ronald', '1234', 0, 0, '2024-03-18 14:38:32', ''),
	(357, 4108, '::1', 'kevin', '1234', 0, 0, '2024-03-18 14:48:06', ''),
	(358, 6229, '::1', 'oliver', '1234', 0, 0, '2024-03-18 14:48:22', ''),
	(359, 1354, '::1', 'admin', 'admin', 0, 0, '2024-03-18 14:49:56', ''),
	(360, 3790, '::1', 'ronald', '1234', 0, 0, '2024-03-18 14:53:28', ''),
	(361, 4049, '::1', 'admin', 'admin', 0, 0, '2024-03-18 16:10:41', ''),
	(362, 4631, '::1', 'admin', 'admin', 0, 0, '2024-03-19 09:05:14', ''),
	(363, 3488, '::1', 'kevin', '1234', 0, 0, '2024-03-19 09:09:13', ''),
	(364, 6096, '::1', 'admin', 'admin', 0, 0, '2024-03-19 09:09:40', ''),
	(365, 8554, '::1', 'admin', 'admin', 0, 0, '2024-03-20 08:44:15', ''),
	(366, 7546, '::1', 'kevin', '1234', 0, 0, '2024-03-20 09:09:22', ''),
	(367, 6869, '::1', 'admin', 'admin', 0, 0, '2024-03-20 10:11:15', ''),
	(368, 4378, '::1', 'admin', 'admin', 0, 0, '2024-03-21 10:22:34', ''),
	(369, 6043, '::1', 'oliver', '1234', 0, 0, '2024-03-21 11:29:26', ''),
	(370, 8586, '::1', 'admin', 'admin', 0, 0, '2024-03-21 11:40:05', ''),
	(371, 5665, '::1', 'admin', 'admin', 0, 0, '2024-03-21 11:40:27', ''),
	(372, 3195, '::1', 'admin', 'admin', 0, 0, '2024-03-21 11:40:45', ''),
	(373, 6138, '::1', 'oliver', '1234', 0, 0, '2024-03-21 11:41:04', ''),
	(374, 2203, '::1', 'kevin', '1234', 0, 0, '2024-03-21 11:46:14', ''),
	(375, 7130, '::1', 'oliver', '1234', 0, 0, '2024-03-21 11:47:56', ''),
	(376, 5230, '::1', 'admin', 'admin', 0, 0, '2024-03-21 11:48:48', ''),
	(377, 7918, '::1', 'admin', 'admin', 0, 0, '2024-03-21 12:38:05', ''),
	(378, 2716, '::1', 'oliver', '1234', 0, 0, '2024-03-21 12:39:16', ''),
	(379, 3111, '::1', 'admin', 'admin', 0, 0, '2024-03-21 12:39:28', ''),
	(380, 3640, '::1', 'oliver', '1234', 0, 0, '2024-03-21 12:42:54', ''),
	(381, 5574, '::1', 'admin', 'admin', 0, 0, '2024-03-21 12:45:58', ''),
	(382, 2678, '::1', 'oliver', '1234', 0, 0, '2024-03-21 12:46:22', ''),
	(383, 5953, '::1', 'kevin', '1234', 0, 0, '2024-03-21 12:50:14', ''),
	(384, 6025, '::1', 'admin', 'admin', 0, 0, '2024-03-21 12:51:24', ''),
	(385, 8412, '::1', 'kevin', '1234', 0, 0, '2024-03-21 12:57:56', ''),
	(386, 6935, '::1', 'vladi', '1234', 0, 0, '2024-03-21 13:02:31', ''),
	(387, 3640, '::1', 'kevin', '134', 0, 1, '2024-03-21 13:03:26', ''),
	(388, 7183, '::1', 'kevin', '1234', 0, 0, '2024-03-21 13:03:28', ''),
	(389, 8369, '::1', 'admin', 'admin', 0, 0, '2024-03-21 13:06:22', ''),
	(390, 4905, '::1', 'admin', 'admin', 0, 0, '2024-03-21 14:42:39', ''),
	(391, 3983, '::1', 'ronald', '1234', 0, 0, '2024-03-21 14:43:14', ''),
	(392, 2624, '::1', 'admin', 'admin', 0, 0, '2024-03-22 08:51:43', ''),
	(393, 7833, '::1', 'admin', 'admin', 0, 0, '2024-03-22 08:52:18', ''),
	(394, 7306, '::1', 'kevin', '1234', 0, 0, '2024-03-22 09:27:57', ''),
	(395, 6406, '::1', 'kevin', '1234', 0, 0, '2024-03-22 13:13:43', ''),
	(396, 1557, '::1', 'admin', 'admin', 0, 0, '2024-03-25 09:14:25', ''),
	(397, 3832, '::1', 'admin', 'admin', 0, 0, '2024-03-25 09:37:18', ''),
	(398, 6051, '::1', 'kevin', '1234', 0, 0, '2024-03-25 12:58:05', ''),
	(399, 3746, '::1', 'kevin', '1234', 0, 0, '2024-03-25 14:15:53', ''),
	(400, 1512, '::1', 'admin', 'admin', 0, 0, '2024-03-25 15:03:55', ''),
	(401, 3438, '::1', 'kevin', '1234', 0, 0, '2024-03-25 15:04:13', ''),
	(402, 4483, '::1', 'admin', 'admin', 0, 0, '2024-03-25 15:04:45', ''),
	(403, 2459, '::1', 'kevin', '1234', 0, 0, '2024-03-25 15:04:55', ''),
	(404, 1110, '::1', 'admin', 'admin', 0, 0, '2024-03-26 13:25:47', ''),
	(405, 4523, '::1', 'admin', 'admin', 0, 0, '2024-03-26 13:59:26', ''),
	(406, 2060, '::1', 'admin', 'admin', 0, 0, '2024-03-26 14:00:17', ''),
	(407, 3559, '::1', 'admin', 'admin', 0, 0, '2024-03-26 14:01:35', ''),
	(408, 5740, '::1', 'kevin', '1234', 0, 0, '2024-03-26 15:11:09', ''),
	(409, 1622, '::1', 'admin', 'admin', 0, 0, '2024-03-26 16:32:35', ''),
	(410, 1963, '::1', 'admin', 'admin', 0, 0, '2024-03-26 16:50:16', ''),
	(411, 2875, '::1', 'kevin', '1234', 0, 0, '2024-03-26 17:18:21', ''),
	(412, 1789, '::1', 'admin', 'admin', 0, 0, '2024-03-27 09:07:25', ''),
	(413, 4102, '::1', 'admin', 'admin', 0, 0, '2024-04-01 09:10:06', ''),
	(414, 1932, '::1', 'admin', 'admin', 0, 0, '2024-04-01 09:48:15', ''),
	(415, 6387, '::1', 'kevin', '1234', 0, 0, '2024-04-01 15:11:55', ''),
	(416, 2371, '::1', 'kevin', '1234', 0, 0, '2024-04-01 15:16:12', ''),
	(417, 5626, '::1', 'vladi', '1234', 0, 0, '2024-04-01 15:25:31', ''),
	(418, 8934, '::1', 'admin', 'admin', 0, 0, '2024-04-01 15:25:42', ''),
	(419, 5395, '::1', 'vladi', '1234', 0, 0, '2024-04-01 15:26:32', ''),
	(420, 2113, '::1', 'admin', 'admin', 0, 0, '2024-04-01 15:27:38', ''),
	(421, 4332, '::1', 'vladi', '1234', 0, 0, '2024-04-01 15:28:15', ''),
	(422, 8024, '::1', 'admin', 'admin', 0, 0, '2024-04-01 15:28:29', ''),
	(423, 8850, '::1', 'vladi', '1234', 0, 0, '2024-04-01 15:29:01', ''),
	(424, 2347, '::1', 'kevin', '123', 0, 1, '2024-04-02 09:23:47', ''),
	(425, 4419, '::1', 'kevin', '1234', 0, 0, '2024-04-02 09:23:52', ''),
	(426, 8928, '::1', 'admin', 'admin', 0, 0, '2024-04-02 14:27:19', ''),
	(427, 4830, '::1', 'admin', 'admin', 0, 0, '2024-04-02 15:17:46', ''),
	(428, 3040, '::1', 'kevin', '1234', 0, 0, '2024-04-02 16:05:07', ''),
	(429, 1356, '::1', 'admin', 'admin', 0, 0, '2024-04-02 16:29:11', ''),
	(430, 8391, '::1', 'kevin', '1234', 0, 0, '2024-04-02 16:29:39', ''),
	(431, 2373, '::1', 'ronald', '1234', 0, 0, '2024-04-02 17:02:54', ''),
	(432, 1429, '::1', 'kevin', '1234', 0, 0, '2024-04-02 17:03:41', ''),
	(433, 2957, '::1', 'kevin', '1234', 0, 0, '2024-04-03 09:18:38', ''),
	(434, 3812, '::1', 'admin', 'admin', 0, 0, '2024-04-03 09:42:48', ''),
	(435, 2350, '::1', 'kevin', '1234', 0, 0, '2024-04-03 09:43:04', ''),
	(436, 6524, '::1', 'admin', 'admin', 0, 0, '2024-04-03 10:42:15', ''),
	(437, 8317, '::1', 'kevin', '1234', 0, 0, '2024-04-03 10:42:37', ''),
	(438, 2158, '::1', 'admin', 'admin', 0, 0, '2024-04-03 11:20:06', ''),
	(439, 5304, '::1', 'admin', 'admin', 0, 0, '2024-04-03 11:32:30', ''),
	(440, 2931, '::1', 'kevin', '1234', 0, 0, '2024-04-03 11:33:09', ''),
	(441, 4696, '::1', 'admin', 'admin', 0, 0, '2024-04-03 11:33:48', ''),
	(442, 5623, '::1', 'admin', 'admin', 0, 0, '2024-04-03 11:38:45', ''),
	(443, 5701, '::1', 'admin', 'admin', 0, 0, '2024-04-03 11:41:20', ''),
	(444, 5637, '::1', 'admin', 'admin', 0, 0, '2024-04-03 11:43:59', ''),
	(445, 3362, '::1', 'admin', 'admin', 0, 0, '2024-04-03 11:45:46', ''),
	(446, 6781, '::1', 'admin', 'admin', 0, 0, '2024-04-03 11:46:46', ''),
	(447, 4072, '::1', 'kevin', '1234', 0, 0, '2024-04-03 11:52:24', ''),
	(448, 4656, '::1', 'kevin', '1234', 0, 0, '2024-04-03 14:18:14', ''),
	(449, 2001, '::1', 'admin', 'admin', 0, 0, '2024-04-03 15:04:05', ''),
	(450, 8741, '::1', 'ronald', '1234', 0, 0, '2024-04-03 16:16:11', ''),
	(451, 8132, '::1', 'kevin', '1234', 0, 0, '2024-04-03 16:21:22', ''),
	(452, 3257, '::1', 'kevin', '1234', 0, 0, '2024-04-03 16:27:03', ''),
	(453, 5468, '::1', 'admin', 'admin', 0, 0, '2024-04-03 16:37:46', ''),
	(454, 6059, '::1', 'kevin', '1234', 0, 0, '2024-04-03 16:38:07', ''),
	(455, 3590, '::1', 'admin', 'admin', 0, 0, '2024-04-03 16:43:42', ''),
	(456, 4670, '::1', 'admin', 'admin', 0, 0, '2024-04-03 16:47:30', ''),
	(457, 1395, '::1', 'kevin', '1234', 0, 0, '2024-04-03 16:48:52', ''),
	(458, 5984, '::1', 'kevin', '2134', 0, 1, '2024-04-03 16:51:49', ''),
	(459, 4049, '::1', 'kevin', '1234', 0, 0, '2024-04-03 16:51:55', ''),
	(460, 1181, '::1', 'admin', 'admin', 0, 0, '2024-04-03 16:52:04', ''),
	(461, 1254, '::1', 'admin', 'admin', 0, 0, '2024-04-04 09:11:03', ''),
	(462, 3134, '::1', 'admin', 'admin', 0, 0, '2024-04-04 09:13:20', ''),
	(463, 5287, '::1', 'admin', 'admin', 0, 0, '2024-04-04 09:58:40', ''),
	(464, 3309, '::1', 'kevin', '1234', 0, 0, '2024-04-04 09:59:05', ''),
	(465, 7568, '::1', 'admin', '1234', 0, 0, '2024-04-04 10:27:42', ''),
	(466, 6126, '::1', 'kevin', '1234', 0, 0, '2024-04-04 10:27:59', ''),
	(467, 8183, '::1', 'admin', 'admin', 0, 0, '2024-04-04 10:30:18', ''),
	(468, 2496, '::1', 'ronald', '1234', 0, 0, '2024-04-04 10:30:57', ''),
	(469, 2620, '::1', 'oliver', '1234', 0, 0, '2024-04-04 11:03:47', ''),
	(470, 8816, '::1', 'admin', 'admin', 0, 0, '2024-04-04 11:04:36', ''),
	(471, 2067, '::1', 'kevin', '1234', 0, 0, '2024-04-04 11:05:05', ''),
	(472, 8997, '::1', 'oliver', '1234', 0, 0, '2024-04-04 11:05:50', ''),
	(473, 8567, '::1', 'vladi', '1234', 0, 0, '2024-04-04 11:06:17', ''),
	(474, 3469, '::1', 'kevin', '1234', 0, 0, '2024-04-04 11:11:03', ''),
	(475, 8759, '::1', 'kevin', '2134', 0, 1, '2024-04-04 11:15:48', ''),
	(476, 1146, '::1', 'kevin', '1234', 0, 0, '2024-04-04 11:15:52', ''),
	(477, 1812, '::1', 'vladi', '1234', 0, 0, '2024-04-04 11:16:00', ''),
	(478, 8486, '::1', 'admin', 'admin', 0, 0, '2024-04-04 11:16:48', ''),
	(479, 1908, '::1', 'kevin', '1234', 0, 0, '2024-04-04 11:16:58', ''),
	(480, 8835, '::1', 'kevin', '1234', 0, 0, '2024-04-04 12:00:19', ''),
	(481, 2825, '::1', 'kevin', '2134', 0, 1, '2024-04-04 15:38:02', ''),
	(482, 6229, '::1', 'kevin', '1234', 0, 0, '2024-04-04 15:38:06', ''),
	(483, 8915, '::1', 'vladi', '1234', 0, 0, '2024-04-04 15:45:23', ''),
	(484, 6366, '::1', 'admin', 'admin', 0, 0, '2024-04-05 09:26:07', ''),
	(485, 8492, '::1', 'kevin', '1234', 0, 0, '2024-04-05 09:26:50', ''),
	(486, 8417, '::1', 'admin', 'admin', 0, 0, '2024-04-05 10:48:38', ''),
	(487, 7880, '::1', 'kevin', '1234', 0, 0, '2024-04-05 10:48:49', ''),
	(488, 3056, '::1', 'admin', 'admin', 0, 0, '2024-04-05 11:02:31', ''),
	(489, 3004, '::1', 'kevin', '1234', 0, 0, '2024-04-05 13:03:17', ''),
	(490, 1468, '::1', 'ronald', '1234', 0, 0, '2024-04-05 13:14:45', ''),
	(491, 5385, '::1', 'admin', 'admin', 0, 0, '2024-04-05 14:41:45', ''),
	(492, 4842, '::1', 'admin', 'admin', 0, 0, '2024-04-08 09:19:48', ''),
	(493, 1754, '::1', 'kevin', '1234', 0, 0, '2024-04-08 09:47:02', ''),
	(494, 6839, '::1', 'kevin', '1234', 0, 0, '2024-04-08 13:33:12', ''),
	(495, 2257, '::1', 'admin', 'admin', 0, 0, '2024-04-08 14:17:37', ''),
	(496, 3074, '::1', 'kevin', '1234', 0, 0, '2024-04-08 15:27:56', ''),
	(497, 6516, '::1', 'kevin', '1234', 0, 0, '2024-04-08 16:30:55', ''),
	(498, 3692, '::1', 'ronald', '1234', 0, 0, '2024-04-08 16:53:53', ''),
	(499, 2482, '::1', 'admin', 'admin', 0, 0, '2024-04-08 19:42:44', ''),
	(500, 2446, '::1', 'kevin', '1234', 0, 0, '2024-04-08 19:43:21', ''),
	(501, 3381, '::1', 'admin', 'admin', 0, 0, '2024-04-09 09:36:36', ''),
	(502, 1912, '::1', 'admin', 'admin', 0, 0, '2024-04-09 09:37:30', ''),
	(503, 3749, '::1', 'admin', 'admin', 0, 0, '2024-04-09 09:41:58', ''),
	(504, 2630, '::1', 'kevin', '1234', 0, 0, '2024-04-09 09:42:08', ''),
	(505, 6865, '::1', 'kevin', '1234', 0, 0, '2024-04-09 11:23:03', ''),
	(506, 1916, '::1', 'admin', 'admin', 0, 0, '2024-04-09 11:28:23', ''),
	(507, 8334, '::1', 'kevin', '1234', 0, 0, '2024-04-09 11:50:59', ''),
	(508, 8290, '::1', 'ronald', '1234', 0, 0, '2024-04-09 11:52:01', ''),
	(509, 4323, '::1', 'kevin@gmail.com', '1234', 0, 0, '2024-04-09 20:48:22', ''),
	(510, 2121, '::1', 'kevin', '1234', 0, 1, '2024-04-09 20:48:41', ''),
	(511, 5994, '::1', 'kevin@gmail.com', '1234', 0, 0, '2024-04-09 20:48:50', ''),
	(512, 1852, '::1', 'tangguanronald@gmail.com', 'ronald', 0, 1, '2024-04-09 21:12:07', ''),
	(513, 8357, '::1', 'tangguanronald@gmail.com', 'ronald', 0, 1, '2024-04-09 21:12:16', ''),
	(514, 5057, '::1', 'tangguanronald@gmail.com', 'ronald', 0, 1, '2024-04-09 21:37:37', ''),
	(515, 5876, '::1', 'tangguanronald@gmail.com', 'ronald', 0, 1, '2024-04-09 21:38:09', ''),
	(516, 3311, '::1', 'tangguanronald@gmail.com', 'ronald', 0, 1, '2024-04-09 22:04:04', ''),
	(517, 4537, '::1', 'tangguanronald@gmail.com', 'ronald', 0, 1, '2024-04-09 22:15:50', ''),
	(518, 1366, '::1', 'tangguanronald@gmail.com', 'ronald', 0, 1, '2024-04-09 23:27:04', ''),
	(519, 5214, '::1', 'tangguanronald@gmail.com', 'ronald', 0, 1, '2024-04-09 23:27:21', ''),
	(520, 3392, '::1', 'tangguanronald@gmail.com', 'ronald', 0, 1, '2024-04-10 09:33:48', ''),
	(521, 8837, '::1', 'tangguanronald@gmail.com', '1234', 0, 1, '2024-04-10 09:34:00', ''),
	(522, 6825, '::1', 'tangguanronald@gmail.com', 'ronald', 0, 1, '2024-04-10 09:40:54', ''),
	(523, 8128, '::1', 'tangguanronald@gmail.com', '1234', 0, 1, '2024-04-10 09:40:59', ''),
	(524, 8022, '::1', 'tangguanronald@gmail.com', '1234', 0, 0, '2024-04-10 09:42:49', ''),
	(525, 4093, '::1', 'kevin@gmail.com', '1234', 0, 0, '2024-04-10 09:48:48', ''),
	(526, 8572, '::1', 'tangguanronald@gmail.com', '1234', 0, 0, '2024-04-10 09:49:15', ''),
	(527, 7816, '::1', 'kevin@gmail.com', '1234', 0, 0, '2024-04-10 09:52:02', ''),
	(528, 1835, '::1', 'kevin', '1234', 0, 1, '2024-04-10 09:52:44', ''),
	(529, 4226, '::1', 'kevin@gmail.com', '1234', 0, 0, '2024-04-10 09:53:00', ''),
	(530, 8871, '::1', 'tangguanronald@gmail.com', '1234', 0, 0, '2024-04-10 09:54:15', ''),
	(531, 3354, '::1', 'kevin@gmail.com', '1234', 0, 0, '2024-04-10 10:09:24', ''),
	(532, 1869, '::1', 'kevin', '1234', 0, 1, '2024-04-10 10:13:45', ''),
	(533, 3694, '::1', 'kevin', '1234', 0, 1, '2024-04-10 10:13:49', ''),
	(534, 6485, '::1', 'kevin@gmail.com', '1234', 0, 0, '2024-04-10 10:14:18', ''),
	(535, 8571, '::1', 'kevin', '1234', 0, 0, '2024-04-10 11:11:30', ''),
	(536, 8359, '::1', 'admin', 'admin', 0, 0, '2024-04-10 11:12:39', ''),
	(537, 4394, '::1', 'kevin', '1234', 0, 1, '2024-04-10 11:13:07', ''),
	(538, 8474, '::1', 'kevin', '1234', 0, 0, '2024-04-10 11:13:15', ''),
	(539, 7971, '::1', 'kevin', '1234', 0, 0, '2024-04-10 11:14:55', ''),
	(540, 2241, '::1', 'admin', 'admin', 0, 0, '2024-04-10 11:16:54', ''),
	(541, 5175, '::1', 'tangguanronald@gmail.com', 'ronald', 0, 1, '2024-04-10 11:49:51', ''),
	(542, 3204, '::1', 'tangguanronald@gmail.com', '1234', 0, 0, '2024-04-10 11:50:01', ''),
	(543, 5497, '::1', 'tangguanronald@gmail.com', '1234', 0, 0, '2024-04-10 11:54:10', ''),
	(544, 3711, '::1', 'tangguanronald@gmail.com', 'ronald', 0, 1, '2024-04-10 11:55:49', ''),
	(545, 8502, '::1', 'tangguanronald@gmail.com', 'ronald', 0, 1, '2024-04-10 11:56:00', ''),
	(546, 4885, '::1', 'tangguanronald@gmail.com', '1234', 0, 0, '2024-04-10 11:56:17', ''),
	(547, 3336, '::1', 'tangguanronald@gmail.com', 'ronald', 0, 0, '2024-04-10 12:00:35', ''),
	(548, 5903, '::1', 'tangguanronald@gmail.com', 'ronald', 0, 0, '2024-04-10 17:28:54', ''),
	(549, 2716, '::1', 'tangguanronald@gmail.com', 'ronald', 0, 1, '2024-04-11 10:08:43', ''),
	(550, 3495, '::1', 'tangguanronald@gmail.com', '1234', 0, 0, '2024-04-11 10:08:49', ''),
	(551, 8777, '::1', 'vladi', '1234', 0, 1, '2024-04-11 10:17:25', ''),
	(552, 5421, '::1', 'vladi', '1234', 0, 1, '2024-04-11 10:18:42', ''),
	(553, 6787, '::1', 'vladi', '1234', 0, 1, '2024-04-11 10:18:52', ''),
	(554, 7229, '::1', 'vladi', '1234', 0, 1, '2024-04-11 10:19:46', ''),
	(555, 3154, '::1', 'vladi', '1234', 0, 1, '2024-04-11 10:19:57', ''),
	(556, 5509, '::1', 'tangguanronald@gmail.com', 'ronald', 0, 1, '2024-04-11 10:20:30', ''),
	(557, 6673, '::1', 'tangguanronald@gmail.com', '1234', 0, 0, '2024-04-11 10:20:39', ''),
	(558, 2591, '::1', 'kevin', '1234', 0, 1, '2024-04-11 10:40:27', ''),
	(559, 2866, '::1', 'kevin', '1234', 0, 1, '2024-04-11 10:40:32', ''),
	(560, 5139, '::1', 'kevin@gmail.com', '1234', 0, 1, '2024-04-11 10:40:47', ''),
	(561, 8902, '::1', 'kevin', '1234', 0, 1, '2024-04-11 10:40:56', ''),
	(562, 3218, '::1', 'kevin', '1234', 0, 1, '2024-04-11 10:42:47', ''),
	(563, 7510, '::1', 'kevin', '1234', 0, 1, '2024-04-11 10:42:51', ''),
	(564, 8412, '::1', 'kevin', '1234', 0, 0, '2024-04-11 10:44:37', ''),
	(565, 3977, '::1', 'tangguanronald@gmail.com', 'ronald', 0, 0, '2024-04-11 11:03:52', ''),
	(566, 3470, '::1', 'tangguanronald@gmail.com', 'rognvaldr17', 0, 1, '2024-04-11 12:10:01', ''),
	(567, 4735, '::1', 'tangguanronald@gmail.com', '1234', 0, 1, '2024-04-11 12:10:13', ''),
	(568, 5403, '::1', 'tangguanronald@gmail.com', 'ronald', 0, 0, '2024-04-11 12:10:20', ''),
	(569, 5233, '::1', 'kevin', '1234', 0, 0, '2024-04-11 13:41:38', ''),
	(570, 2500, '::1', 'tangguanronald@gmail.com', '1234', 0, 1, '2024-04-11 14:43:07', ''),
	(571, 6589, '::1', 'tangguanronald@gmail.com', 'ronald', 0, 0, '2024-04-11 14:43:18', ''),
	(572, 4829, '::1', 'tangguanronald@gmail.com', 'ronald', 0, 0, '2024-04-11 16:45:22', ''),
	(573, 6863, '::1', 'tangguanronald@gmail.com', 'ronald', 0, 0, '2024-04-12 12:50:11', ''),
	(574, 2337, '::1', 'tangguanronald@gmail.com', 'ronald', 0, 0, '2024-04-12 14:03:01', ''),
	(575, 1374, '::1', 'tangguanronald@gmail.com', 'ronald', 0, 0, '2024-04-12 16:13:03', ''),
	(576, 7556, '::1', 'kevin', '1234', 0, 0, '2024-04-12 16:33:55', ''),
	(577, 3471, '::1', 'kevin', '1234', 0, 0, '2024-04-15 09:29:33', ''),
	(578, 7001, '::1', 'tangguanronald@gmail.com', 'ronald', 0, 0, '2024-04-16 09:37:46', ''),
	(579, 6320, '::1', 'kevin', '1234', 0, 0, '2024-04-16 09:37:56', ''),
	(580, 6762, '::1', 'kevin', '1234', 0, 0, '2024-04-16 09:56:11', ''),
	(581, 7210, '::1', 'tangguanronald@gmail.com', 'ronald', 0, 0, '2024-04-16 11:08:25', ''),
	(582, 7919, '::1', 'kevin', '1234', 0, 0, '2024-04-16 11:09:06', ''),
	(583, 2089, '::1', 'admin', 'admin', 0, 1, '2024-04-16 13:48:58', ''),
	(584, 3824, '::1', 'admin', 'admin', 0, 1, '2024-04-16 13:49:01', ''),
	(585, 1371, '::1', 'admin', 'admin', 0, 1, '2024-04-16 13:49:33', ''),
	(586, 3158, '::1', 'admin', '1234', 0, 1, '2024-04-16 13:50:15', ''),
	(587, 3901, '::1', 'admin', '1234', 0, 1, '2024-04-16 13:50:18', ''),
	(588, 2776, '::1', 'admin', '1234', 0, 0, '2024-04-16 13:50:42', ''),
	(589, 6479, '::1', 'kevin', '1234', 0, 0, '2024-04-16 14:39:04', ''),
	(590, 3665, '::1', 'kevin', '1234', 0, 0, '2024-04-16 14:42:07', ''),
	(591, 6064, '::1', 'admin', '1234', 0, 0, '2024-04-16 14:43:27', ''),
	(592, 4279, '::1', 'kevin', '1234', 0, 0, '2024-04-16 14:43:41', ''),
	(593, 3329, '::1', 'kevin', '1234', 0, 1, '2024-04-16 14:54:09', ''),
	(594, 7404, '::1', 'kevin@gmail.com', '1234', 0, 0, '2024-04-16 14:54:30', ''),
	(595, 2421, '::1', 'kevin', '1234', 0, 0, '2024-04-16 15:00:48', ''),
	(596, 8255, '::1', 'admin', 'admin', 0, 1, '2024-04-16 15:04:45', ''),
	(597, 2394, '::1', 'admin', '1234', 0, 0, '2024-04-16 15:04:48', ''),
	(598, 6902, '::1', 'kevin', '1234', 0, 0, '2024-04-16 15:31:33', ''),
	(599, 3167, '::1', 'tangguanronald@gmail.com', 'ronald', 0, 0, '2024-04-17 08:49:24', ''),
	(600, 4334, '::1', 'admin', 'admin', 0, 1, '2024-04-17 11:50:37', ''),
	(601, 7338, '::1', 'admin', '1234', 0, 0, '2024-04-17 11:50:42', ''),
	(602, 3800, '::1', 'kevin', '1234', 0, 0, '2024-04-17 11:51:30', ''),
	(603, 5583, '::1', 'oliver', '1234', 0, 0, '2024-04-17 12:02:51', ''),
	(604, 7021, '::1', 'admin', '1234', 0, 0, '2024-04-17 12:04:35', ''),
	(605, 2759, '::1', 'oliver', '1234', 0, 0, '2024-04-17 12:08:57', ''),
	(606, 6794, '::1', 'kevin', '1234', 0, 0, '2024-04-17 12:16:34', ''),
	(607, 6279, '::1', 'oliver', '1234', 0, 0, '2024-04-17 12:17:29', ''),
	(608, 7216, '::1', 'admin', 'admin', 0, 1, '2024-04-17 12:17:39', ''),
	(609, 1973, '::1', 'admin', '1234', 0, 0, '2024-04-17 12:17:43', ''),
	(610, 4515, '::1', 'oliver', '1234', 0, 0, '2024-04-17 12:18:03', ''),
	(611, 4736, '::1', 'kevin', '1234', 0, 0, '2024-04-18 09:38:15', ''),
	(612, 3340, '::1', 'tangguanronald@gmail.com', '1234', 0, 1, '2024-04-18 09:39:09', ''),
	(613, 2778, '::1', 'tangguanronald@gmail.com', 'ronald', 0, 0, '2024-04-18 09:39:18', ''),
	(614, 6903, '::1', 'kevin', '1234', 0, 0, '2024-04-18 10:36:11', ''),
	(615, 2458, '::1', 'admin', 'admin', 0, 1, '2024-04-22 09:53:35', ''),
	(616, 2940, '::1', 'admin', '1234', 0, 0, '2024-04-22 09:53:40', ''),
	(617, 5310, '::1', 'kevin', '1234', 0, 0, '2024-04-22 10:49:20', ''),
	(618, 5531, '::1', 'tangguanronald@gmail.com', 'ronald', 0, 0, '2024-04-22 11:08:42', ''),
	(619, 1841, '::1', 'admin', '1234', 0, 0, '2024-04-22 14:22:52', ''),
	(620, 1556, '::1', 'admin', '1234', 0, 0, '2024-04-22 14:59:02', ''),
	(621, 7822, '::1', 'admin', '1234', 0, 0, '2024-04-23 09:16:31', ''),
	(622, 1511, '::1', 'admin', 'admin', 0, 1, '2024-04-23 09:54:58', ''),
	(623, 4569, '::1', 'admin', '1234', 0, 0, '2024-04-23 09:55:03', ''),
	(624, 4544, '::1', 'admin', 'admin', 0, 1, '2024-04-23 11:19:29', ''),
	(625, 2595, '::1', 'admin', 'admin', 0, 1, '2024-04-23 11:19:32', ''),
	(626, 4501, '::1', 'admin', '1234', 0, 0, '2024-04-23 11:19:35', ''),
	(627, 8054, '::1', 'kevin', '1234', 0, 0, '2024-04-23 11:39:31', ''),
	(628, 4612, '::1', 'admin', 'admin', 0, 1, '2024-04-23 11:55:08', ''),
	(629, 6689, '::1', 'admin', '1234', 0, 0, '2024-04-23 11:55:13', ''),
	(630, 2393, '::1', 'kevin', '1234', 0, 0, '2024-04-23 14:54:56', ''),
	(631, 8583, '::1', 'tangguanronald@gmail.com', 'ronald', 0, 0, '2024-04-23 15:55:27', ''),
	(632, 5074, '::1', 'admin', '1234', 0, 0, '2024-04-23 15:55:42', ''),
	(633, 4515, '::1', 'kevin', '1234', 0, 0, '2024-04-23 15:55:49', ''),
	(634, 8899, '::1', 'kevin', '1234', 0, 0, '2024-04-24 09:35:02', ''),
	(635, 6800, '::1', 'admin', '1234', 0, 0, '2024-04-24 09:35:28', ''),
	(636, 2359, '::1', 'kevin', '1234\'', 0, 1, '2024-04-24 09:35:34', ''),
	(637, 4046, '::1', 'kevin', '1234', 0, 0, '2024-04-24 09:35:37', ''),
	(638, 1461, '::1', 'tangguanronald@gmail.com', 'ronald', 0, 0, '2024-04-24 15:40:03', ''),
	(639, 2841, '::1', 'admin', '1234', 0, 0, '2024-04-25 09:05:40', ''),
	(640, 3663, '::1', 'tangguanronald@gmail.com', '1234', 0, 1, '2024-04-25 09:05:50', ''),
	(641, 1789, '::1', 'tangguanronald@gmail.com', 'ronald', 0, 0, '2024-04-25 09:05:55', ''),
	(642, 8214, '::1', 'kevin', '1234', 0, 0, '2024-04-25 09:06:02', ''),
	(643, 1511, '::1', 'kevin', '1234', 0, 0, '2024-04-25 09:35:17', ''),
	(644, 5336, '::1', 'tangguanronald@gmail.com', '1234', 0, 1, '2024-04-25 10:38:32', ''),
	(645, 5456, '::1', 'tangguanronald@gmail.com', 'ronald', 0, 0, '2024-04-25 10:38:37', ''),
	(646, 1951, '::1', 'tangguanronald@gmail.com', 'ronald', 0, 0, '2024-04-25 13:41:06', ''),
	(647, 3830, '::1', 'kevin', '1234', 0, 0, '2024-04-25 13:41:13', ''),
	(648, 8692, '::1', 'tangguanronald@gmail.com', 'ronald', 0, 0, '2024-04-25 14:16:49', ''),
	(649, 2288, '::1', 'kevin', '1234', 0, 0, '2024-04-25 14:27:15', ''),
	(650, 4329, '::1', 'kevin', '1234', 0, 0, '2024-04-25 14:27:38', ''),
	(651, 5204, '::1', 'kevin', '1234', 0, 0, '2024-04-25 14:28:52', ''),
	(652, 2518, '::1', 'kevin', '1234', 0, 0, '2024-04-25 14:29:47', ''),
	(653, 2256, '::1', 'kevin', '1234', 0, 0, '2024-04-26 09:37:20', ''),
	(654, 8658, '::1', 'admin', '1234', 0, 0, '2024-04-26 09:37:38', ''),
	(655, 5388, '::1', 'kevin', '1234', 0, 0, '2024-04-26 09:37:46', ''),
	(656, 8414, '::1', 'tangguanronald@gmail.com', '1234', 0, 1, '2024-04-26 09:38:00', ''),
	(657, 4465, '::1', 'tangguanronald@gmail.com', 'ronald', 0, 0, '2024-04-26 09:38:06', ''),
	(658, 8847, '::1', 'tangguanronald@gmail.com', 'ronald', 0, 0, '2024-04-26 11:23:09', ''),
	(659, 1900, '::1', 'admin', '1234', 0, 0, '2024-09-26 16:27:29', ''),
	(660, 7465, '::1', 'admin', '1234', 0, 0, '2024-09-26 16:29:07', ''),
	(661, 4140, '::1', 'admin', '1234', 0, 0, '2024-09-26 16:30:00', ''),
	(662, 6450, '::1', 'admin', '1234', 0, 0, '2024-09-26 16:31:52', ''),
	(663, 3876, '::1', 'admin', '1234', 0, 0, '2024-09-26 16:32:16', ''),
	(664, 8969, '::1', 'admin', '1234', 0, 0, '2024-09-27 15:58:43', ''),
	(665, 3505, '::1', 'admin', '1234', 0, 0, '2024-09-28 13:52:33', ''),
	(666, 1872, '::1', 'admin', '1234', 0, 0, '2024-09-29 15:45:36', ''),
	(667, 3745, '::1', 'admin', '1234', 0, 0, '2024-09-29 17:40:28', ''),
	(668, 4253, '::1', 'admin', '1234', 0, 0, '2024-09-30 12:32:13', ''),
	(669, 8907, '::1', 'admin', 'admin', 0, 1, '2024-10-10 11:09:25', ''),
	(670, 3637, '::1', 'admin', '1234', 0, 0, '2024-10-10 11:09:31', ''),
	(671, 8194, '::1', 'admin', '1234', 0, 0, '2024-10-10 20:10:50', ''),
	(672, 8027, '::1', 'admin', '1234', 0, 0, '2024-10-11 09:50:52', ''),
	(673, 6672, '::1', 'admin', '1234', 0, 0, '2024-10-11 15:10:59', ''),
	(674, 4128, '::1', 'admin', '1234', 0, 0, '2024-10-15 10:22:47', '');
/*!40000 ALTER TABLE `tr_login_attempt` ENABLE KEYS */;

/*!40101 SET SQL_MODE=IFNULL(@OLD_SQL_MODE, '') */;
/*!40014 SET FOREIGN_KEY_CHECKS=IFNULL(@OLD_FOREIGN_KEY_CHECKS, 1) */;
/*!40101 SET CHARACTER_SET_CLIENT=@OLD_CHARACTER_SET_CLIENT */;
/*!40111 SET SQL_NOTES=IFNULL(@OLD_SQL_NOTES, 1) */;
