-- --------------------------------------------------------
-- Host:                         127.0.0.1
-- Server version:               10.4.28-MariaDB - mariadb.org binary distribution
-- Server OS:                    Win64
-- HeidiSQL Version:             12.6.0.6765
-- --------------------------------------------------------

/*!40101 SET @OLD_CHARACTER_SET_CLIENT=@@CHARACTER_SET_CLIENT */;
/*!40101 SET NAMES utf8 */;
/*!50503 SET NAMES utf8mb4 */;
/*!40103 SET @OLD_TIME_ZONE=@@TIME_ZONE */;
/*!40103 SET TIME_ZONE='+00:00' */;
/*!40014 SET @OLD_FOREIGN_KEY_CHECKS=@@FOREIGN_KEY_CHECKS, FOREIGN_KEY_CHECKS=0 */;
/*!40101 SET @OLD_SQL_MODE=@@SQL_MODE, SQL_MODE='NO_AUTO_VALUE_ON_ZERO' */;
/*!40111 SET @OLD_SQL_NOTES=@@SQL_NOTES, SQL_NOTES=0 */;

-- Dumping structure for table db_onehome.bs_checkout
CREATE TABLE IF NOT EXISTS `bs_checkout` (
  `checkout_id` int(50) NOT NULL AUTO_INCREMENT,
  `pay_method` varchar(50) DEFAULT NULL,
  `email` varchar(150) DEFAULT NULL,
  `name` varchar(150) DEFAULT NULL,
  `contactno` varchar(150) DEFAULT NULL,
  `s_id` int(50) DEFAULT NULL,
  `s_description` varchar(150) DEFAULT NULL,
  `sal_id` int(50) DEFAULT NULL,
  `user_id` int(50) DEFAULT NULL,
  `ser_name` varchar(50) DEFAULT NULL,
  `ser_price` decimal(10,2) DEFAULT NULL,
  `slotNumber` int(55) DEFAULT NULL,
  `date` varchar(50) DEFAULT NULL,
  `time` varchar(50) DEFAULT NULL,
  `created_at` varchar(50) DEFAULT NULL,
  `is_read_notif` int(1) DEFAULT 0,
  `is_view_notif` int(1) DEFAULT 0,
  `is_notification` int(1) DEFAULT 0,
  `is_sent` int(1) DEFAULT 0,
  `is_approved` int(1) DEFAULT 0,
  `is_deleted` int(1) DEFAULT 0,
  `is_done` int(1) DEFAULT 0,
  `completed_date` varchar(150) DEFAULT NULL,
  `approved_date` varchar(150) DEFAULT NULL,
  `cancelled_date` varchar(150) DEFAULT NULL,
  `uid` varchar(150) DEFAULT NULL,
  PRIMARY KEY (`checkout_id`)
) ENGINE=InnoDB AUTO_INCREMENT=165 DEFAULT CHARSET=latin1 COLLATE=latin1_swedish_ci;

-- Dumping data for table db_onehome.bs_checkout: ~23 rows (approximately)
INSERT INTO `bs_checkout` (`checkout_id`, `pay_method`, `email`, `name`, `contactno`, `s_id`, `s_description`, `sal_id`, `user_id`, `ser_name`, `ser_price`, `slotNumber`, `date`, `time`, `created_at`, `is_read_notif`, `is_view_notif`, `is_notification`, `is_sent`, `is_approved`, `is_deleted`, `is_done`, `completed_date`, `approved_date`, `cancelled_date`, `uid`) VALUES
	(77, 'Credit Card', 'tangguanronald@gmail.com', 'Ronald Tangguan', '09928522244', 32, 'Kevin Hair Salon', 22, 1178, 'Hairstyle', 100.00, 1, 'April 26, 2024', '9:00 AM', '22-04-2024 12:04:04', 1, 1, 1, 0, 1, 0, 1, '2024-04-25 15:56:11', '2024-04-22 14:10:48', NULL, '28dd2c7955ce926456240b2ff0100bde'),
	(78, 'Credit Card', 'tangguanronald@gmail.com', 'Ronald Tangguan', '09928522244', 32, 'Kevin Hair Salon', 22, 1178, 'Hairstyle', 100.00, 5, 'April 23, 2024', '12:00 PM', '22-04-2024 14:10:05', 1, 0, 1, 0, 1, 0, 1, '2024-04-22 14:11:24', '2024-04-22 14:10:18', NULL, '35f4a8d465e6e1edc05f3d8ab658c551'),
	(79, 'Credit Card', 'tangguanronald@gmail.com', 'Ronald Tangguan', '09928522244', 32, 'Kevin Hair Salon', 22, 1178, 'Hairstyle', 100.00, 5, 'April 23, 2024', '12:00 PM', '22-04-2024 14:12:58', 1, 1, 1, 0, 1, 0, 1, '2024-04-22 14:28:41', '2024-04-22 14:13:43', NULL, 'd1fe173d08e959397adf34b1d77e88d7'),
	(80, 'Credit Card', 'tangguanronald@gmail.com', 'Ronald Tangguan', '09928522244', 34, 'Oliver Nail Salon', 29, 1178, 'Haircut', 100.00, 3, 'April 25, 2024', '12:00 PM', '22-04-2024 14:13:10', 0, 0, 0, 0, 0, 0, 0, NULL, NULL, NULL, 'f033ab37c30201f73f142449d037028d'),
	(81, 'Credit Card', 'tangguanronald@gmail.com', 'Ronald Tangguan', '09928522244', 32, 'Kevin Hair Salon', 22, 1178, 'Hairstyle', 100.00, 3, 'April 24, 2024', '12:00 PM', '22-04-2024 14:13:36', 1, 0, 1, 0, 1, 0, 0, NULL, '2024-04-22 14:13:59', NULL, '43ec517d68b6edd3015b3edc9a11367b'),
	(82, 'Credit Card', 'admin', 'Super Admin Super Admin', '123456789', 32, 'Kevin Hair Salon', 22, 1002, 'Hairstyle', 100.00, 2, 'April 24, 2024', '9:00 AM', '23-04-2024 13:54:17', 1, 0, 0, 0, 1, 0, 0, NULL, '2024-04-25 10:34:41', NULL, '9778d5d219c5080b9a6a17bef029331c'),
	(83, 'Credit Card', 'admin', 'Super Admin Super Admin', '123456789', 32, 'Kevin Hair Salon', 23, 1002, 'Hair Rebond', 1000.00, 2, 'April 25, 2024', '9:00 AM', '23-04-2024 13:55:35', 1, 0, 0, 0, 1, 0, 0, NULL, '2024-04-25 10:34:45', NULL, 'fe9fc289c3ff0af142b6d3bead98a923'),
	(84, 'Credit Card', 'admin', 'Super Admin Super Admin', '123456789', 32, 'Kevin Hair Salon', 24, 1002, 'Semi Rebond', 800.00, 2, 'April 26, 2024', '9:00 AM', '23-04-2024 15:05:19', 1, 1, 1, 0, 0, 0, 0, NULL, NULL, NULL, '68d30a9594728bc39aa24be94b319d21'),
	(150, 'Credit Card', 'kevin@gmail.com', 'Kevin Cortez', '0966546565', 32, 'Kevin Hair Salon', 22, 1150, 'Hairstyle', 100.00, 2, 'April 25, 2024', '9:00 AM', '24-04-2024 10:52:09', 1, 1, 1, 0, 0, 0, 0, NULL, NULL, NULL, '7ef605fc8dba5425d6965fbd4c8fbe1f'),
	(151, 'Credit Card', 'kevin@gmail.com', 'Kevin Cortez', '0966546565', 32, 'Kevin Hair Salon', 22, 1150, 'Hairstyle', 100.00, 2, 'April 27, 2024', '9:00 AM', '24-04-2024 10:52:18', 1, 1, 1, 0, 0, 0, 0, NULL, NULL, NULL, 'a8f15eda80c50adb0e71943adc8015cf'),
	(152, 'Credit Card', 'kevin@gmail.com', 'Kevin Cortez', '0966546565', 32, 'Kevin Hair Salon', 22, 1150, 'Hairstyle', 100.00, 2, 'April 24, 2024', '9:00 AM', '24-04-2024 10:53:01', 1, 1, 1, 0, 0, 0, 0, NULL, NULL, NULL, '37a749d808e46495a8da1e5352d03cae'),
	(153, 'Credit Card', 'kevin@gmail.com', 'Kevin Cortez', '0966546565', 32, 'Kevin Hair Salon', 22, 1150, 'Hairstyle', 100.00, 2, 'April 24, 2024', '9:00 AM', '24-04-2024 10:56:12', 1, 1, 1, 0, 0, 0, 0, NULL, NULL, NULL, 'b3e3e393c77e35a4a3f3cbd1e429b5dc'),
	(154, 'Credit Card', 'kevin@gmail.com', 'Kevin Cortez', '0966546565', 32, 'Kevin Hair Salon', 22, 1150, 'Hairstyle', 100.00, 2, 'April 24, 2024', '9:00 AM', '24-04-2024 10:59:36', 1, 1, 1, 0, 0, 0, 0, NULL, NULL, NULL, '1d7f7abc18fcb43975065399b0d1e48e'),
	(155, 'Credit Card', 'kevin@gmail.com', 'Kevin Cortez', '0966546565', 32, 'Kevin Hair Salon', 22, 1150, 'Hairstyle', 100.00, 2, 'April 24, 2024', '9:00 AM', '24-04-2024 11:30:43', 1, 1, 1, 0, 0, 0, 0, NULL, NULL, NULL, '2a79ea27c279e471f4d180b08d62b00a'),
	(156, 'Credit Card', 'kevin@gmail.com', 'Kevin Cortez', '0966546565', 32, 'Kevin Hair Salon', 22, 1150, 'Hairstyle', 100.00, 2, 'April 24, 2024', '9:00 AM', '24-04-2024 11:44:27', 1, 1, 1, 0, 0, 0, 0, NULL, NULL, NULL, '1c9ac0159c94d8d0cbedc973445af2da'),
	(157, 'Credit Card', 'tangguanronald@gmail.com', 'Ronald Tangguan', '09928522244', 32, 'Kevin Hair Salon', 22, 1178, 'Hairstyle', 100.00, 2, 'April 26, 2024', '9:00 AM', '24-04-2024 15:40:14', 1, 1, 1, 0, 0, 0, 0, NULL, NULL, NULL, '6c4b761a28b734fe93831e3fb400ce87'),
	(158, 'Credit Card', 'tangguanronald@gmail.com', 'Ronald Tangguan', '09928522244', 32, 'Kevin Hair Salon', 23, 1178, 'Hair Rebond', 1000.00, 2, 'April 26, 2024', '9:00 AM', '24-04-2024 15:40:14', 1, 1, 1, 0, 0, 0, 0, NULL, NULL, NULL, '06409663226af2f3114485aa4e0a23b4'),
	(159, 'Credit Card', 'tangguanronald@gmail.com', 'Ronald Tangguan', '09928522244', 32, 'Kevin Hair Salon', 22, 1178, 'Hairstyle', 100.00, 2, 'April 26, 2024', '9:00 AM', '24-04-2024 15:40:55', 1, 1, 1, 0, 0, 0, 0, NULL, NULL, NULL, '140f6969d5213fd0ece03148e62e461e'),
	(160, 'Credit Card', 'tangguanronald@gmail.com', 'Ronald Tangguan', '09928522244', 32, 'Kevin Hair Salon', 23, 1178, 'Hair Rebond', 1000.00, 2, 'April 25, 2024', '9:00 AM', '24-04-2024 15:40:55', 1, 1, 1, 0, 0, 0, 0, NULL, NULL, NULL, 'b73ce398c39f506af761d2277d853a92'),
	(161, 'Credit Card', 'tangguanronald@gmail.com', 'Ronald Tangguan', '09928522244', 32, 'Kevin Hair Salon', 22, 1178, 'Hairstyle', 100.00, 2, 'April 25, 2024', '9:00 AM', '24-04-2024 16:38:16', 1, 1, 1, 0, 0, 0, 0, NULL, NULL, NULL, 'bd4c9ab730f5513206b999ec0d90d1fb'),
	(162, 'Over the Counter', 'tangguanronald@gmail.com', 'Ronald Tangguan', '09928522244', 32, 'Kevin Hair Salon', 22, 1178, 'Hairstyle', 100.00, 3, 'April 25, 2024', '9:00 AM', '25-04-2024 10:38:44', 1, 1, 1, 0, 0, 0, 0, NULL, NULL, NULL, '82aa4b0af34c2313a562076992e50aa3'),
	(163, 'Over the Counter', 'tangguanronald@gmail.com', 'Ronald Tangguan', '09928522244', 32, 'Kevin Hair Salon', 22, 1178, 'Hairstyle', 100.00, 3, 'April 27, 2024', '9:00 AM', '25-04-2024 10:40:57', 1, 1, 1, 0, 0, 0, 0, NULL, NULL, NULL, '0777d5c17d4066b82ab86dff8a46af6f'),
	(164, 'Credit Card', 'tangguanronald@gmail.com', 'Ronald Tangguan', '09928522244', 32, 'Kevin Hair Salon', 24, 1178, 'Semi Rebond', 800.00, 3, 'April 30, 2024', '9:00 AM', '25-04-2024 13:41:29', 1, 1, 1, 0, 0, 0, 0, NULL, NULL, NULL, 'fa7cdfad1a5aaf8370ebeda47a1ff1c3');

-- Dumping structure for table db_onehome.bs_client
CREATE TABLE IF NOT EXISTS `bs_client` (
  `c_id` int(11) NOT NULL AUTO_INCREMENT,
  `user_id` int(11) DEFAULT NULL,
  `c_fname` varchar(100) DEFAULT NULL,
  `c_mname` varchar(100) DEFAULT NULL,
  `c_lname` varchar(100) DEFAULT NULL,
  `c_suffix` varchar(20) DEFAULT NULL,
  `nationality` varchar(100) DEFAULT NULL,
  `birth` varchar(50) DEFAULT NULL,
  `age` int(100) DEFAULT NULL,
  `govid` varchar(100) DEFAULT NULL,
  `idnum` varchar(100) DEFAULT NULL,
  `gender` varchar(50) DEFAULT NULL,
  `civil` varchar(100) DEFAULT NULL,
  `email` varchar(100) DEFAULT NULL,
  `connum` varchar(50) DEFAULT NULL,
  `region_text` text DEFAULT NULL,
  `province_text` text DEFAULT NULL,
  `city_text` text DEFAULT NULL,
  `barangay_text` text DEFAULT NULL,
  `zipcode` int(50) DEFAULT NULL,
  `subdivision` text DEFAULT NULL,
  `street` text DEFAULT NULL,
  `unit` text DEFAULT NULL,
  `building` text DEFAULT NULL,
  `phase` text DEFAULT NULL,
  `blocklot` text DEFAULT NULL,
  `membership` text DEFAULT NULL,
  `payment` text DEFAULT NULL,
  `amount` text DEFAULT NULL,
  `bank` text DEFAULT NULL,
  `branch` text DEFAULT NULL,
  `checknum` text DEFAULT NULL,
  `accnum` text DEFAULT NULL,
  `billing` text DEFAULT NULL,
  `gateperimeter` varchar(10) DEFAULT NULL,
  `waiver` text DEFAULT NULL,
  `agree` varchar(10) DEFAULT NULL,
  `longitude` varchar(100) DEFAULT NULL,
  `latitude` varchar(100) DEFAULT NULL,
  `message` text DEFAULT NULL,
  `address` text DEFAULT NULL,
  `image` varchar(170) DEFAULT NULL,
  `thumbnail` varchar(50) DEFAULT NULL,
  `date_added` varchar(50) DEFAULT NULL,
  `added_by` int(11) DEFAULT NULL,
  `date_modified` varchar(50) DEFAULT NULL,
  `modified_by` int(11) DEFAULT NULL,
  `date_deleted` varchar(50) DEFAULT NULL,
  `deleted_by` int(11) DEFAULT NULL,
  `is_deleted` int(11) DEFAULT 0,
  `uid` varchar(150) DEFAULT NULL,
  `c_username` varchar(50) DEFAULT NULL,
  `c_password` varchar(50) DEFAULT NULL,
  `is_active` tinyint(1) NOT NULL DEFAULT 0,
  `last_login` timestamp NOT NULL DEFAULT current_timestamp() ON UPDATE current_timestamp(),
  `last_logout` timestamp NOT NULL DEFAULT current_timestamp(),
  `is_test` tinyint(1) DEFAULT 0,
  PRIMARY KEY (`c_id`)
) ENGINE=InnoDB AUTO_INCREMENT=85 DEFAULT CHARSET=latin1 COLLATE=latin1_swedish_ci;

-- Dumping data for table db_onehome.bs_client: ~5 rows (approximately)
INSERT INTO `bs_client` (`c_id`, `user_id`, `c_fname`, `c_mname`, `c_lname`, `c_suffix`, `nationality`, `birth`, `age`, `govid`, `idnum`, `gender`, `civil`, `email`, `connum`, `region_text`, `province_text`, `city_text`, `barangay_text`, `zipcode`, `subdivision`, `street`, `unit`, `building`, `phase`, `blocklot`, `membership`, `payment`, `amount`, `bank`, `branch`, `checknum`, `accnum`, `billing`, `gateperimeter`, `waiver`, `agree`, `longitude`, `latitude`, `message`, `address`, `image`, `thumbnail`, `date_added`, `added_by`, `date_modified`, `modified_by`, `date_deleted`, `deleted_by`, `is_deleted`, `uid`, `c_username`, `c_password`, `is_active`, `last_login`, `last_logout`, `is_test`) VALUES
	(1, 1002, 'Admin', '', 'Admin', NULL, NULL, NULL, NULL, NULL, NULL, NULL, NULL, 'admin@gmail.com', '09321321321', '0', NULL, NULL, NULL, NULL, NULL, NULL, NULL, NULL, NULL, NULL, NULL, NULL, NULL, NULL, NULL, NULL, NULL, NULL, NULL, NULL, NULL, NULL, NULL, NULL, 'trident', NULL, NULL, NULL, NULL, NULL, NULL, NULL, NULL, 0, NULL, NULL, NULL, 0, '2024-03-18 08:18:05', '2024-03-18 08:12:40', 0),
	(43, 1150, 'Kevin', '', 'Cortez', NULL, NULL, NULL, NULL, NULL, NULL, NULL, NULL, 'kevin@gmail.com', '09665034568', '0', NULL, NULL, NULL, NULL, NULL, NULL, NULL, NULL, NULL, NULL, NULL, NULL, NULL, NULL, NULL, NULL, NULL, NULL, NULL, NULL, NULL, NULL, NULL, NULL, 'BC Mansilingan', '', '', '2024-03-11 09:49:42', 1002, '2024-03-15 14:38:48', 1150, '', 0, 0, '17e62166fc8586dfa4d1bc0e1742c08b', NULL, NULL, 0, '2024-09-17 06:43:43', '2024-03-11 01:49:42', 0),
	(82, NULL, 'Ronald', '', 'Tangguan', NULL, NULL, NULL, NULL, NULL, NULL, NULL, NULL, 'Ronald@gmail.com', NULL, '0', NULL, NULL, NULL, NULL, NULL, NULL, NULL, NULL, NULL, NULL, NULL, NULL, NULL, NULL, NULL, NULL, NULL, NULL, NULL, NULL, NULL, NULL, NULL, NULL, NULL, NULL, NULL, '2024-10-08 15:08:07', 1002, NULL, NULL, NULL, NULL, 0, '9778d5d219c5080b9a6a17bef029331c', NULL, NULL, 0, '2024-10-08 07:08:07', '2024-10-08 07:08:07', 0),
	(83, NULL, 'Hadden', '', 'Abarisia', NULL, NULL, NULL, NULL, NULL, NULL, NULL, NULL, 'hadden@tridentechnology.com', NULL, '0', NULL, NULL, NULL, NULL, NULL, NULL, NULL, NULL, NULL, NULL, NULL, NULL, NULL, NULL, NULL, NULL, NULL, NULL, NULL, NULL, NULL, NULL, NULL, NULL, NULL, NULL, NULL, '2024-10-08 15:09:30', 1002, '2024-10-08 16:00:34', 1002, NULL, NULL, 0, 'fe9fc289c3ff0af142b6d3bead98a923', NULL, NULL, 0, '2024-10-08 08:00:34', '2024-10-08 07:09:30', 0),
	(84, NULL, 'Ronald', 'Pagran', 'Tangguan', '', 'Filipino', '2001-07-17', 23, 'TIN ID', '12331123321', 'Male', 'Single', 'tangguaronald@gmail.com', '09397765466', 'Region VI (Western Visayas)', 'Negros Occidental', 'City Of Talisay', 'Zone 4 (Pob.)', 6115, '', 'Capt Sabi', '', 'Rolly Hair Salon', '', '', 'Basic', 'cash', '500000', '123321123321', 'Talisay', '123321123321', '123321123321', 'Yes', 'Yes', 'Ronald Tangguan', 'agree', '122.966017', '10.739538', NULL, NULL, NULL, NULL, '2024-10-15 15:34:21', NULL, NULL, NULL, NULL, NULL, 0, '68d30a9594728bc39aa24be94b319d21', NULL, NULL, 0, '2024-10-15 07:34:21', '2024-10-15 07:34:21', 0);

-- Dumping structure for table db_onehome.bs_dep
CREATE TABLE IF NOT EXISTS `bs_dep` (
  `d_id` int(10) NOT NULL AUTO_INCREMENT,
  `d_name` varchar(150) CHARACTER SET utf8mb4 COLLATE utf8mb4_general_ci DEFAULT NULL,
  `d_description` varchar(150) CHARACTER SET utf8mb4 COLLATE utf8mb4_general_ci DEFAULT NULL,
  `date_added` varchar(50) CHARACTER SET utf8mb4 COLLATE utf8mb4_general_ci DEFAULT NULL,
  `added_by` varchar(50) CHARACTER SET utf8mb4 COLLATE utf8mb4_general_ci DEFAULT NULL,
  `date_modified` varchar(50) CHARACTER SET utf8mb4 COLLATE utf8mb4_general_ci DEFAULT NULL,
  `modified_by` varchar(50) CHARACTER SET utf8mb4 COLLATE utf8mb4_general_ci DEFAULT NULL,
  `date_deleted` varchar(50) CHARACTER SET utf8mb4 COLLATE utf8mb4_general_ci DEFAULT NULL,
  `deleted_by` varchar(50) CHARACTER SET utf8mb4 COLLATE utf8mb4_general_ci DEFAULT NULL,
  `is_deleted` int(1) DEFAULT 0,
  `uid` varchar(150) CHARACTER SET utf8mb4 COLLATE utf8mb4_general_ci DEFAULT NULL,
  PRIMARY KEY (`d_id`)
) ENGINE=InnoDB AUTO_INCREMENT=5 DEFAULT CHARSET=latin1 COLLATE=latin1_swedish_ci;

-- Dumping data for table db_onehome.bs_dep: ~3 rows (approximately)
INSERT INTO `bs_dep` (`d_id`, `d_name`, `d_description`, `date_added`, `added_by`, `date_modified`, `modified_by`, `date_deleted`, `deleted_by`, `is_deleted`, `uid`) VALUES
	(2, 'Hair Salon', 'Hair Salon', '2024-03-01 09:55:28', '1002', NULL, NULL, NULL, NULL, 0, 'c81e728d9d4c2f636f067f89cc14862c'),
	(3, 'Nail Salon', 'Nail Salon', '2024-03-15 09:59:17', '1002', NULL, NULL, NULL, NULL, 0, 'eccbc87e4b5ce2fe28308fd9f2a7baf3'),
	(4, 'Massage', 'Massage', '2024-04-05 16:41:01', '1002', NULL, NULL, NULL, NULL, 0, 'a87ff679a2f3e71d9181a67b7542122c');

-- Dumping structure for table db_onehome.bs_essentials
CREATE TABLE IF NOT EXISTS `bs_essentials` (
  `e_id` int(11) NOT NULL AUTO_INCREMENT,
  `s_id` int(11) DEFAULT NULL,
  `user_id` int(11) DEFAULT NULL,
  `e_name` varchar(50) DEFAULT NULL,
  `e_cost` decimal(9,2) DEFAULT NULL,
  `e_price` decimal(9,2) DEFAULT NULL,
  `e_qty` smallint(6) DEFAULT NULL,
  `e_mqty` smallint(6) DEFAULT NULL,
  `image` varchar(50) DEFAULT NULL,
  `thumbnail` varchar(50) DEFAULT NULL,
  `is_deleted` int(1) DEFAULT 0,
  `date_added` datetime(6) DEFAULT NULL,
  `date_deleted` datetime(6) DEFAULT NULL,
  `date_modified` datetime(6) DEFAULT NULL,
  `uid` varchar(50) DEFAULT NULL,
  PRIMARY KEY (`e_id`)
) ENGINE=InnoDB AUTO_INCREMENT=4 DEFAULT CHARSET=latin1 COLLATE=latin1_swedish_ci;

-- Dumping data for table db_onehome.bs_essentials: ~0 rows (approximately)
INSERT INTO `bs_essentials` (`e_id`, `s_id`, `user_id`, `e_name`, `e_cost`, `e_price`, `e_qty`, `e_mqty`, `image`, `thumbnail`, `is_deleted`, `date_added`, `date_deleted`, `date_modified`, `uid`) VALUES
	(3, 6367, 1002, 'Shampoo', 500.00, 800.00, 20, 10, 'f176f0ca8758c21cfc01d3ca4f971af1.png', 'f4ee3351cd5c969b52c9b23ca05058b7.png', 0, '2024-04-23 10:49:56.000000', NULL, NULL, 'eccbc87e4b5ce2fe28308fd9f2a7baf3');

-- Dumping structure for table db_onehome.bs_favorite
CREATE TABLE IF NOT EXISTS `bs_favorite` (
  `fav_id` int(50) NOT NULL AUTO_INCREMENT,
  `user_id` int(50) DEFAULT NULL,
  `s_description` varchar(150) DEFAULT NULL,
  `s_id` int(50) DEFAULT NULL,
  PRIMARY KEY (`fav_id`)
) ENGINE=InnoDB AUTO_INCREMENT=390 DEFAULT CHARSET=latin1 COLLATE=latin1_swedish_ci;

-- Dumping data for table db_onehome.bs_favorite: ~4 rows (approximately)
INSERT INTO `bs_favorite` (`fav_id`, `user_id`, `s_description`, `s_id`) VALUES
	(384, NULL, 'Kevin Hair Salon', 32),
	(387, 1178, 'Kevin Hair Salon', 32),
	(388, 1002, 'Kevin Hair Salon', 32),
	(389, 1002, 'Oliver Nail Salon', 34);

-- Dumping structure for table db_onehome.bs_page
CREATE TABLE IF NOT EXISTS `bs_page` (
  `p_id` int(10) NOT NULL AUTO_INCREMENT,
  `page` int(11) DEFAULT NULL,
  `is_deleted` int(1) DEFAULT NULL,
  PRIMARY KEY (`p_id`)
) ENGINE=InnoDB AUTO_INCREMENT=2 DEFAULT CHARSET=latin1 COLLATE=latin1_swedish_ci;

-- Dumping data for table db_onehome.bs_page: ~0 rows (approximately)
INSERT INTO `bs_page` (`p_id`, `page`, `is_deleted`) VALUES
	(1, 0, 0);

-- Dumping structure for table db_onehome.bs_profile
CREATE TABLE IF NOT EXISTS `bs_profile` (
  `si_id` int(10) NOT NULL AUTO_INCREMENT,
  `user_id` int(11) DEFAULT NULL,
  `s_id` int(11) DEFAULT NULL,
  `c_id` varchar(50) DEFAULT NULL,
  `image` varchar(150) DEFAULT NULL,
  `thumbnail` varchar(150) DEFAULT NULL,
  `date_added` varchar(50) CHARACTER SET utf8mb4 COLLATE utf8mb4_general_ci DEFAULT NULL,
  `added_by` varchar(50) CHARACTER SET utf8mb4 COLLATE utf8mb4_general_ci DEFAULT NULL,
  `date_modified` varchar(50) CHARACTER SET utf8mb4 COLLATE utf8mb4_general_ci DEFAULT NULL,
  `modified_by` varchar(50) CHARACTER SET utf8mb4 COLLATE utf8mb4_general_ci DEFAULT NULL,
  `date_deleted` varchar(50) CHARACTER SET utf8mb4 COLLATE utf8mb4_general_ci DEFAULT NULL,
  `deleted_by` varchar(50) CHARACTER SET utf8mb4 COLLATE utf8mb4_general_ci DEFAULT NULL,
  `is_deleted` int(1) DEFAULT 0,
  `uid` varchar(150) CHARACTER SET utf8mb4 COLLATE utf8mb4_general_ci DEFAULT NULL,
  PRIMARY KEY (`si_id`) USING BTREE
) ENGINE=InnoDB AUTO_INCREMENT=32 DEFAULT CHARSET=latin1 COLLATE=latin1_swedish_ci;

-- Dumping data for table db_onehome.bs_profile: ~6 rows (approximately)
INSERT INTO `bs_profile` (`si_id`, `user_id`, `s_id`, `c_id`, `image`, `thumbnail`, `date_added`, `added_by`, `date_modified`, `modified_by`, `date_deleted`, `deleted_by`, `is_deleted`, `uid`) VALUES
	(26, 1159, 34, NULL, '8e85ca18a55cd9abfc45218662d0e445.jpg', '3136a9cb591b789178cc4058d9d28aa6.jpg', '2024-03-15 13:25:50', '1159', NULL, NULL, '2024-03-15 16:34:59', '1159', 1, '4e732ced3463d06de0ca9a15b6153677'),
	(27, 1159, 34, NULL, '79b14b4b9ba8d0b6d3c5e3803ccbc0f7.jpg', 'bbca383aeb1151fae49a34aadd4a3449.jpg', '2024-03-15 13:25:59', '1159', NULL, NULL, NULL, NULL, 0, '02e74f10e0327ad868d138f2b4fdd6f0'),
	(28, 1159, 34, '49', '23d5531593fce97351d4783555833a21.jpg', 'bb174f44505b76667c202f417695d547.jpg', '2024-03-15 13:27:22', '1159', NULL, NULL, NULL, NULL, 0, '33e75ff09dd601bbe69f351039152189'),
	(29, 1150, 32, '43', 'ad4b9c3a4427744250d900a5d2eefb80.jpg', '579c35d748bb52ec9b3794a7dae625f2.jpg', '2024-03-15 16:28:00', '1150', NULL, NULL, '2024-03-15 16:28:21', '1150', 1, '6ea9ab1baa0efb9e19094440c317e21b'),
	(30, 1150, 32, '43', '8fcbc3fec0bfb59ad12c4660d9ad6b08.jpg', '375981bcc3797597d974aae417ed90d8.jpg', '2024-03-15 16:28:11', '1150', NULL, NULL, NULL, NULL, 0, '34173cb38f07f89ddbebc2ac9128303f'),
	(31, 1159, 34, '49', '56c768e1683fecbadf22483624712345.jpg', '19757d60e2983eb1c47020a74ed450f7.jpg', '2024-03-15 16:40:33', '1159', NULL, NULL, NULL, NULL, 0, 'c16a5320fa475530d9583c34fd356ef5');

-- Dumping structure for table db_onehome.bs_report
CREATE TABLE IF NOT EXISTS `bs_report` (
  `report_id` int(10) unsigned NOT NULL AUTO_INCREMENT,
  `name` varchar(100) NOT NULL DEFAULT '',
  `description` text NOT NULL,
  `page` varchar(50) NOT NULL,
  `is_deleted` int(10) unsigned NOT NULL,
  `date_added` datetime NOT NULL DEFAULT '0000-00-00 00:00:00',
  `date_deleted` datetime NOT NULL DEFAULT '0000-00-00 00:00:00',
  PRIMARY KEY (`report_id`)
) ENGINE=MyISAM AUTO_INCREMENT=1019 DEFAULT CHARSET=latin1 COLLATE=latin1_general_ci;

-- Dumping data for table db_onehome.bs_report: 7 rows
/*!40000 ALTER TABLE `bs_report` DISABLE KEYS */;
INSERT INTO `bs_report` (`report_id`, `name`, `description`, `page`, `is_deleted`, `date_added`, `date_deleted`) VALUES
	(1001, 'Student Log Report', 'Displays Student  Log Report', 'student_log_report', 1, '2015-07-28 02:51:10', '0000-00-00 00:00:00'),
	(1013, 'Employee Log Report', 'Displays Employee Log Report', 'employee_log_report', 0, '0000-00-00 00:00:00', '0000-00-00 00:00:00'),
	(1014, 'Customer Report', 'Displays Customer Report', 'customer_report', 1, '2016-05-15 22:35:45', '0000-00-00 00:00:00'),
	(1015, 'SO Report', 'Displays SO Report', 'so_report', 1, '0000-00-00 00:00:00', '0000-00-00 00:00:00'),
	(1016, 'Sales Graph', 'Displays sales graph', 'sales_graph', 1, '0000-00-00 00:00:00', '0000-00-00 00:00:00'),
	(1017, 'Accounts Receivable', 'Displays accounts receivable', 'ar_detail', 1, '0000-00-00 00:00:00', '0000-00-00 00:00:00'),
	(1018, 'Returned Product', 'Displays returned products', 'returned', 1, '0000-00-00 00:00:00', '0000-00-00 00:00:00');
/*!40000 ALTER TABLE `bs_report` ENABLE KEYS */;

-- Dumping structure for table db_onehome.bs_review
CREATE TABLE IF NOT EXISTS `bs_review` (
  `rev_id` int(11) NOT NULL AUTO_INCREMENT,
  `s_id` int(50) DEFAULT NULL,
  `user_id` int(50) DEFAULT NULL,
  `rating` int(10) DEFAULT NULL,
  `comment` varchar(150) DEFAULT NULL,
  `image` varchar(150) DEFAULT NULL,
  `thumbnail` varchar(150) DEFAULT NULL,
  `date_added` varchar(50) CHARACTER SET utf8mb4 COLLATE utf8mb4_general_ci DEFAULT NULL,
  `added_by` varchar(50) CHARACTER SET utf8mb4 COLLATE utf8mb4_general_ci DEFAULT NULL,
  `date_modified` varchar(50) CHARACTER SET utf8mb4 COLLATE utf8mb4_general_ci DEFAULT NULL,
  `modified_by` varchar(50) CHARACTER SET utf8mb4 COLLATE utf8mb4_general_ci DEFAULT NULL,
  `date_deleted` varchar(50) CHARACTER SET utf8mb4 COLLATE utf8mb4_general_ci DEFAULT NULL,
  `deleted_by` varchar(50) CHARACTER SET utf8mb4 COLLATE utf8mb4_general_ci DEFAULT NULL,
  `is_deleted` int(1) DEFAULT 0,
  PRIMARY KEY (`rev_id`)
) ENGINE=InnoDB DEFAULT CHARSET=latin1 COLLATE=latin1_swedish_ci;

-- Dumping data for table db_onehome.bs_review: ~0 rows (approximately)

-- Dumping structure for table db_onehome.bs_salon
CREATE TABLE IF NOT EXISTS `bs_salon` (
  `s_id` int(50) NOT NULL AUTO_INCREMENT,
  `dep_id` varchar(155) DEFAULT NULL,
  `c_id` int(50) DEFAULT NULL,
  `s_description` varchar(150) CHARACTER SET utf8mb4 COLLATE utf8mb4_general_ci DEFAULT NULL,
  `address` varchar(155) DEFAULT NULL,
  `google_address` longtext DEFAULT NULL,
  `time_open` varchar(50) DEFAULT NULL,
  `time_close` varchar(50) DEFAULT NULL,
  `image` varchar(150) DEFAULT NULL,
  `thumbnail` varchar(150) DEFAULT NULL,
  `date_added` varchar(50) CHARACTER SET utf8mb4 COLLATE utf8mb4_general_ci DEFAULT NULL,
  `added_by` varchar(50) CHARACTER SET utf8mb4 COLLATE utf8mb4_general_ci DEFAULT NULL,
  `date_modified` varchar(50) CHARACTER SET utf8mb4 COLLATE utf8mb4_general_ci DEFAULT NULL,
  `modified_by` varchar(50) CHARACTER SET utf8mb4 COLLATE utf8mb4_general_ci DEFAULT NULL,
  `date_deleted` varchar(50) CHARACTER SET utf8mb4 COLLATE utf8mb4_general_ci DEFAULT NULL,
  `deleted_by` varchar(50) CHARACTER SET utf8mb4 COLLATE utf8mb4_general_ci DEFAULT NULL,
  `is_deleted` int(1) DEFAULT 0,
  `uid` varchar(150) CHARACTER SET utf8mb4 COLLATE utf8mb4_general_ci DEFAULT NULL,
  PRIMARY KEY (`s_id`)
) ENGINE=InnoDB AUTO_INCREMENT=6377 DEFAULT CHARSET=latin1 COLLATE=latin1_swedish_ci;

-- Dumping data for table db_onehome.bs_salon: ~9 rows (approximately)
INSERT INTO `bs_salon` (`s_id`, `dep_id`, `c_id`, `s_description`, `address`, `google_address`, `time_open`, `time_close`, `image`, `thumbnail`, `date_added`, `added_by`, `date_modified`, `modified_by`, `date_deleted`, `deleted_by`, `is_deleted`, `uid`) VALUES
	(32, 'Hair Salon', 43, 'Kevin Hair Salon', 'Bacolod City Mansilingan', '', '9:00AM', '9:00PM', '2bd9126fe84e9fbd44e80a9d8d621031.png', 'eecffe335b42029892e3bfcacfb5ce8d.png', '2024-03-11 09:50:32', '1002', '2024-04-16 15:11:00', '1002', NULL, NULL, 0, '6364d3f0f495b6ab9dcf8d3b5c6e0b01'),
	(34, 'Hair Salon', 49, 'Oliver Nail Salon', 'Bacolod City Bata', '', '8:00AM', '9:00PM', '83019c943d05f1d0a284ea08596185f2.jpg', '0e85c5342334c6a2ea040110a6edac7d.jpg', '2024-03-11 17:03:19', '1002', '2024-04-16 15:08:13', '1002', NULL, NULL, 0, 'e369853df766fa44e1ed0ff613f563bd'),
	(35, 'Hair Salon', 52, 'Vladimer Hair Salon', 'Talisay City Zone 14', '', '9:00AM', '9:30PM', 'd2863e5c73938c1a82234a96e5825ad1.jpg', 'ae4d58e577f0cfb6ff9319d52c1d78a9.jpg', '2024-03-12 09:29:46', '1002', '2024-04-01 15:28:08', '1002', NULL, NULL, 0, '1c383cd30b7c298ab50293adfecb7b18'),
	(37, 'Nail Salon', 56, 'Rolly Hair Salon', 'Talisay City Zone 4', '', '8:30AM', '9:00PM', '9b67955ebfe4de4ca6fd1e8b6648aa1a.png', '7cb76cf1e4b48bbebedb87113ebf8807.png', '2024-03-18 14:53:05', '1002', '2024-03-26 14:41:15', '1002', NULL, NULL, 0, 'f8580959e35cb0934479bb007fb241c2'),
	(6367, 'Nail Salon', 1, 'Test Admin Trident ', 'Test Admin', '', '10:00AM', '10:00PM', '149c4cc8b03a7959c92b0d47cd7e1b36.png', 'd8b48a84e0e8cb0bc03e55e94f049247.png', '2024-03-18 16:15:48', '1002', '2024-03-26 14:41:33', '1002', NULL, NULL, 0, '07b6f0c87d1dc9f9ab8e8543b60a419a'),
	(6368, 'Nail Salon', 1, 'Ronald Hair Salon', 'Talisay City Zone 5', '', '10AM', '10PM', 'b0b2ef1f3c5e5b23023662cd7d5a0951.gif', 'b6d1c27416c21498c9d9ff74bdb9109d.jpg', '2024-03-18 16:57:07', '1002', '2024-03-26 14:41:44', '1002', NULL, NULL, 0, '36ab62655fa81ce8735ce7cfdaf7c9e8'),
	(6369, 'Massage', 43, 'Noir Hair Salon', 'Test Admin 1', '', '9:00 AM', '10:00 PM', '20a6ef176f40e21e03750b7f6db20035.png', '841a516d98ef3958f12af66f255c466e.png', '2024-03-27 11:09:31', '1002', NULL, NULL, NULL, NULL, 0, '0599ed8cdae6949af69385a4b59ff0dc'),
	(6370, 'Massage', 1, 'Ronald Salon', 'Test Admin 2', '', '9:00AM', '10:00PM', 'f87989c9cfb79e76a9d7571f1e58c9c1.png', '399ea7dfc9244c8cbd85517fc77465b5.png', '2024-04-05 14:46:53', '1002', '2024-04-05 14:47:28', '1002', NULL, NULL, 0, '6ffcc0d3641930e3d8980ec43343ccc5'),
	(6375, 'Hair Salon', 58, 'Haden Massage', 'Bacolod City Alijis', '', '9:00 AM', '10:00 PM', '185a9b37ac0c9c1a13f3b7289b8a3d25.jpg', '1722bc233eab2568f6940df717c8a073.jpg', '2024-04-16 14:17:22', '1002', NULL, NULL, NULL, NULL, 0, 'f29a179746902e331572c483c45e5086');

-- Dumping structure for table db_onehome.bs_services
CREATE TABLE IF NOT EXISTS `bs_services` (
  `sal_id` int(20) NOT NULL AUTO_INCREMENT,
  `user_id` varchar(50) CHARACTER SET utf8mb4 COLLATE utf8mb4_general_ci DEFAULT NULL,
  `s_id` int(50) DEFAULT NULL,
  `s_description` varchar(150) DEFAULT NULL,
  `ser_name` varchar(150) CHARACTER SET utf8mb4 COLLATE utf8mb4_general_ci DEFAULT NULL,
  `ser_price` decimal(9,2) DEFAULT 0.00,
  `image` varchar(150) DEFAULT NULL,
  `thumbnail` varchar(150) DEFAULT NULL,
  `added_by` varchar(50) CHARACTER SET utf8mb4 COLLATE utf8mb4_general_ci DEFAULT NULL,
  `date_added` varchar(50) CHARACTER SET utf8mb4 COLLATE utf8mb4_general_ci DEFAULT NULL,
  `modified_by` varchar(50) CHARACTER SET utf8mb4 COLLATE utf8mb4_general_ci DEFAULT NULL,
  `date_modified` varchar(50) CHARACTER SET utf8mb4 COLLATE utf8mb4_general_ci DEFAULT NULL,
  `deleted_by` varchar(50) CHARACTER SET utf8mb4 COLLATE utf8mb4_general_ci DEFAULT NULL,
  `date_deleted` varchar(50) CHARACTER SET utf8mb4 COLLATE utf8mb4_general_ci DEFAULT NULL,
  `is_deleted` int(1) DEFAULT 0,
  `uid` varchar(150) CHARACTER SET utf8mb4 COLLATE utf8mb4_general_ci DEFAULT NULL,
  PRIMARY KEY (`sal_id`) USING BTREE
) ENGINE=InnoDB AUTO_INCREMENT=46 DEFAULT CHARSET=latin1 COLLATE=latin1_swedish_ci;

-- Dumping data for table db_onehome.bs_services: ~19 rows (approximately)
INSERT INTO `bs_services` (`sal_id`, `user_id`, `s_id`, `s_description`, `ser_name`, `ser_price`, `image`, `thumbnail`, `added_by`, `date_added`, `modified_by`, `date_modified`, `deleted_by`, `date_deleted`, `is_deleted`, `uid`) VALUES
	(21, '1150', 32, 'Kevin Hair Salon', 'Haircut', 80.00, '3406e6f02fcd0defcf7d5068021034c3.jpg', 'e557e325cf426d6f10dc74e2068a750b.jpg', '1150', '2024-03-12 13:58:56', '1150', '2024-03-12 13:59:47', '1150', '2024-03-22 13:15:36', 1, '3c59dc048e8850243be8079a5c74d079'),
	(22, '1150', 32, 'Kevin Hair Salon', 'Hairstyle', 100.00, '9fafd6ea1f1291e6be2146f9784174af.jpg', '3ae2cdabd4637f26add8ba7535e81c42.jpg', '1150', '2024-03-12 13:59:07', NULL, NULL, NULL, NULL, 0, 'b6d767d2f8ed5d21a44b0e5886680cb9'),
	(23, '1150', 32, 'Kevin Hair Salon', 'Hair Rebond', 1000.00, 'e75c7fdba25c6b3e596b6adec2d4f888.jpg', 'cea0aa4e0a0e348802aa9650e98cd53c.jpg', '1150', '2024-03-12 16:10:19', NULL, NULL, NULL, NULL, 0, '37693cfc748049e45d87b8c7d8b9aacd'),
	(24, '1150', 32, 'Kevin Hair Salon', 'Semi Rebond', 800.00, '3d39e1e0fa1ac73ca97bb81b32bfa971.png', 'b962763ec63d0e2e5bc617fa96a0fd26.png', '1150', '2024-03-12 16:10:27', '1150', '2024-04-15 10:34:23', NULL, NULL, 0, '1ff1de774005f8da13f42943881c655f'),
	(25, '1150', 32, 'Kevin Hair Salon', 'Color [M]', 350.00, '422a5aba5e19aefde44e04b4b74b589c.jpg', '96bbfaf2d658d1c78a279cbb462939a6.jpg', '1150', '2024-03-12 16:10:51', '1150', '2024-04-15 10:34:30', NULL, NULL, 0, '8e296a067a37563370ded05f5a3bf3ec'),
	(26, '1150', 32, 'Kevin Hair Salon', 'Color [W]', 500.00, 'cd18e48a8095a680f2dac27d8512b6eb.jpg', 'a167284b2a6a9d75a6d8be278e269233.jpg', '1150', '2024-03-12 16:11:01', NULL, NULL, NULL, NULL, 0, '4e732ced3463d06de0ca9a15b6153677'),
	(27, '1150', 32, 'Kevin Hair Salon', 'Brazillian Hair Rebond', 1500.00, 'ec5b259a6b2c325e0c0494d479c9fa0c.jpg', '454f1e9a675bf42f3f4b54ba2214f0f1.jpg', '1150', '2024-03-12 16:12:28', NULL, NULL, NULL, NULL, 0, '02e74f10e0327ad868d138f2b4fdd6f0'),
	(28, '1150', 32, 'Kevin Hair Salon', 'Brazillian Color Hair Rebond', 2000.00, 'b7eb2e85a0c4aa51a989919a86896e18.jpg', '05d93b6a12134d8414b816ac655466e4.jpg', '1150', '2024-03-12 16:12:40', NULL, NULL, NULL, NULL, 0, '33e75ff09dd601bbe69f351039152189'),
	(29, '1159', 34, 'Oliver Nail Salon', 'Haircut', 100.00, '5078eba392e99dea14ee566243481258.jpg', '820174d2ed0c0104b7692a02a21ff1d1.jpg', '1159', '2024-03-13 10:41:00', NULL, NULL, NULL, NULL, 0, '6ea9ab1baa0efb9e19094440c317e21b'),
	(30, '1159', 34, 'Oliver Nail Salon', 'Hairstyle', 150.00, 'b64aa77a1e3487cdf1fa2ce48caa9c47.jpg', 'bf4c93d084e9aeabe78e75ceed77b224.jpg', '1159', '2024-03-13 10:41:14', NULL, NULL, NULL, NULL, 0, '34173cb38f07f89ddbebc2ac9128303f'),
	(31, '1159', 34, 'Oliver Nail Salon', 'Rebond', 999.00, '956346735d0a0783b9dacd6222a3c8c0.jpg', 'd131a1b889912aae0aa2b93587af634c.jpg', '1159', '2024-03-13 10:41:34', NULL, NULL, NULL, NULL, 0, 'c16a5320fa475530d9583c34fd356ef5'),
	(32, '1159', 34, 'Oliver Nail Salon', 'Color Male', 500.00, 'e98b531ef924e989f9fd082556710e4d.jpg', 'b589bb75e16b65f82749783cb5682972.jpg', '1159', '2024-03-13 10:41:56', NULL, NULL, NULL, NULL, 0, '6364d3f0f495b6ab9dcf8d3b5c6e0b01'),
	(33, '1159', 34, 'Oliver Nail Salon', 'Color Women', 700.00, '0bc43108bec0b511df83418d368e090a.jpg', '963fdbb3a65b28c834aea33bbe256cbe.jpg', '1159', '2024-03-13 10:42:06', NULL, NULL, NULL, NULL, 0, '182be0c5cdcd5072bb1864cdee4d3d6e'),
	(35, '1002', 6367, 'Test Admin Trident ', 'Haircut', 500.00, 'f9b6ced0231dbfadcf6037db53df7c4e.jpg', '0c5047139bc4baa4c7a72815af182b02.jpg', '1002', '2024-03-18 17:02:37', NULL, NULL, NULL, NULL, 0, '1c383cd30b7c298ab50293adfecb7b18'),
	(36, '1150', 32, 'Kevin Hair Salon', 'Manicure', 200.00, '66d99ac1159f388ea0d8cc752fda2801.jpg', 'fb1e890ec75aba883a403def623852fd.jpg', '1150', '2024-03-22 09:28:18', NULL, NULL, '1150', '2024-03-22 10:06:25', 1, '19ca14e7ea6328a42e0eb13d585e4c22'),
	(37, '1150', 32, 'Kevin Hair Salon', 'Pedicure', 250.00, 'dab8a512598e9dcbf40471e203a82553.jpg', 'e2720786b4e51255fad594a91d13dc86.jpg', '1150', '2024-03-22 09:59:34', NULL, NULL, '1150', '2024-03-22 09:59:49', 1, 'a5bfc9e07964f8dddeb95fc584cd965d'),
	(38, '1150', 32, 'Kevin Hair Salon', 'Manicure', 100.00, 'e0f2a90e1afdf46b1efbc2dd2da0f9c7.jpg', '67868047dedcc6174dd5358a16077ed6.jpg', '1150', '2024-03-22 10:32:42', NULL, NULL, NULL, NULL, 0, 'a5771bce93e200c36f7cd9dfd0e5deaa'),
	(39, '1150', 32, 'Kevin Hair Salon', 'Haircut', 70.00, '620b4a2475ce2c5e7c9d2089556abda8.jpg', 'd1ea465358ba9f42c87874423a08c561.jpg', '1150', '2024-03-25 14:33:25', '1150', '2024-03-25 14:33:37', NULL, NULL, 0, 'd67d8ab4f4c10bf22aa353e27879133c'),
	(40, '1163', 35, 'Vladimer Hair Salon', 'Haircut', 150.00, '6099e10c3f623900c17c164786ccafa0.png', '64799021484581d55e1063eedb924ef1.png', '1163', '2024-04-01 15:29:33', NULL, NULL, NULL, NULL, 0, 'd645920e395fedad7bbbed0eca3fe2e0');

-- Dumping structure for table db_onehome.bs_setting
CREATE TABLE IF NOT EXISTS `bs_setting` (
  `setting_id` int(10) unsigned NOT NULL AUTO_INCREMENT,
  `directory` varchar(100) NOT NULL DEFAULT '',
  `admin_dir` varchar(70) NOT NULL,
  `system_title` varchar(100) NOT NULL DEFAULT '',
  `abrv` varchar(70) NOT NULL DEFAULT '',
  `year_developed` year(4) NOT NULL,
  `description` text NOT NULL,
  `developer` varchar(100) NOT NULL,
  `website` varchar(100) NOT NULL,
  PRIMARY KEY (`setting_id`)
) ENGINE=MyISAM AUTO_INCREMENT=1014 DEFAULT CHARSET=latin1 COLLATE=latin1_swedish_ci;

-- Dumping data for table db_onehome.bs_setting: 1 rows
/*!40000 ALTER TABLE `bs_setting` DISABLE KEYS */;
INSERT INTO `bs_setting` (`setting_id`, `directory`, `admin_dir`, `system_title`, `abrv`, `year_developed`, `description`, `developer`, `website`) VALUES
	(1001, 'onehome', 'onehome/adminpanel', 'One Home', 'TO', '2024', '', 'Trident Technology', 'www.tridentechnology.com');
/*!40000 ALTER TABLE `bs_setting` ENABLE KEYS */;

-- Dumping structure for table db_onehome.bs_slot
CREATE TABLE IF NOT EXISTS `bs_slot` (
  `slot_id` int(150) NOT NULL AUTO_INCREMENT,
  `time_id` int(55) DEFAULT NULL,
  `s_id` int(55) DEFAULT NULL,
  `c_id` int(55) DEFAULT NULL,
  `user_id` int(55) DEFAULT NULL,
  `s_description` varchar(155) DEFAULT NULL,
  `slot_number` varchar(155) DEFAULT NULL,
  `time` varchar(50) DEFAULT NULL,
  `am_pm` varchar(50) DEFAULT NULL,
  `date_added` varchar(50) DEFAULT NULL,
  `added_by` varchar(50) DEFAULT NULL,
  `is_deleted` int(1) DEFAULT 0,
  PRIMARY KEY (`slot_id`)
) ENGINE=InnoDB AUTO_INCREMENT=180 DEFAULT CHARSET=latin1 COLLATE=latin1_swedish_ci;

-- Dumping data for table db_onehome.bs_slot: ~75 rows (approximately)
INSERT INTO `bs_slot` (`slot_id`, `time_id`, `s_id`, `c_id`, `user_id`, `s_description`, `slot_number`, `time`, `am_pm`, `date_added`, `added_by`, `is_deleted`) VALUES
	(88, 41, 32, 43, 1150, 'Kevin Hair Salon', '1', '9:00', 'AM', '2024-04-15 10:30:43', '1150', 0),
	(89, 41, 32, 43, 1150, 'Kevin Hair Salon', '2', '9:00', 'AM', '2024-04-15 10:30:43', '1150', 0),
	(90, 41, 32, 43, 1150, 'Kevin Hair Salon', '3', '9:00', 'AM', '2024-04-15 10:30:43', '1150', 0),
	(93, 42, 32, 43, 1150, 'Kevin Hair Salon', '1', '10:00', 'AM', '2024-04-15 10:31:53', '1150', 0),
	(94, 42, 32, 43, 1150, 'Kevin Hair Salon', '2', '10:00', 'AM', '2024-04-15 10:31:53', '1150', 0),
	(95, 42, 32, 43, 1150, 'Kevin Hair Salon', '3', '10:00', 'AM', '2024-04-15 10:31:53', '1150', 0),
	(96, 42, 32, 43, 1150, 'Kevin Hair Salon', '4', '10:00', 'AM', '2024-04-15 10:31:53', '1150', 0),
	(97, 42, 32, 43, 1150, 'Kevin Hair Salon', '5', '10:00', 'AM', '2024-04-15 10:31:53', '1150', 0),
	(98, 43, 32, 43, 1150, 'Kevin Hair Salon', '1', '11:00', 'AM', '2024-04-15 10:31:59', '1150', 0),
	(99, 43, 32, 43, 1150, 'Kevin Hair Salon', '2', '11:00', 'AM', '2024-04-15 10:31:59', '1150', 0),
	(100, 43, 32, 43, 1150, 'Kevin Hair Salon', '3', '11:00', 'AM', '2024-04-15 10:31:59', '1150', 0),
	(101, 43, 32, 43, 1150, 'Kevin Hair Salon', '4', '11:00', 'AM', '2024-04-15 10:31:59', '1150', 0),
	(102, 43, 32, 43, 1150, 'Kevin Hair Salon', '5', '11:00', 'AM', '2024-04-15 10:31:59', '1150', 0),
	(103, 44, 32, 43, 1150, 'Kevin Hair Salon', '1', '12:00', 'PM', '2024-04-15 10:32:03', '1150', 0),
	(104, 44, 32, 43, 1150, 'Kevin Hair Salon', '2', '12:00', 'PM', '2024-04-15 10:32:03', '1150', 0),
	(105, 44, 32, 43, 1150, 'Kevin Hair Salon', '3', '12:00', 'PM', '2024-04-15 10:32:03', '1150', 0),
	(106, 44, 32, 43, 1150, 'Kevin Hair Salon', '4', '12:00', 'PM', '2024-04-15 10:32:03', '1150', 0),
	(107, 44, 32, 43, 1150, 'Kevin Hair Salon', '5', '12:00', 'PM', '2024-04-15 10:32:03', '1150', 0),
	(108, 45, 32, 43, 1150, 'Kevin Hair Salon', '1', '1:00', 'PM', '2024-04-15 10:32:12', '1150', 0),
	(109, 45, 32, 43, 1150, 'Kevin Hair Salon', '2', '1:00', 'PM', '2024-04-15 10:32:12', '1150', 0),
	(110, 45, 32, 43, 1150, 'Kevin Hair Salon', '3', '1:00', 'PM', '2024-04-15 10:32:12', '1150', 0),
	(111, 45, 32, 43, 1150, 'Kevin Hair Salon', '4', '1:00', 'PM', '2024-04-15 10:32:12', '1150', 0),
	(112, 45, 32, 43, 1150, 'Kevin Hair Salon', '5', '1:00', 'PM', '2024-04-15 10:32:12', '1150', 0),
	(113, 46, 32, 43, 1150, 'Kevin Hair Salon', '1', '2:00', 'PM', '2024-04-15 10:32:27', '1150', 0),
	(114, 46, 32, 43, 1150, 'Kevin Hair Salon', '2', '2:00', 'PM', '2024-04-15 10:32:27', '1150', 0),
	(115, 46, 32, 43, 1150, 'Kevin Hair Salon', '3', '2:00', 'PM', '2024-04-15 10:32:27', '1150', 0),
	(116, 46, 32, 43, 1150, 'Kevin Hair Salon', '4', '2:00', 'PM', '2024-04-15 10:32:27', '1150', 0),
	(117, 46, 32, 43, 1150, 'Kevin Hair Salon', '5', '2:00', 'PM', '2024-04-15 10:32:27', '1150', 0),
	(118, 47, 32, 43, 1150, 'Kevin Hair Salon', '1', '3:00', 'PM', '2024-04-15 10:32:36', '1150', 0),
	(119, 47, 32, 43, 1150, 'Kevin Hair Salon', '2', '3:00', 'PM', '2024-04-15 10:32:36', '1150', 0),
	(120, 47, 32, 43, 1150, 'Kevin Hair Salon', '3', '3:00', 'PM', '2024-04-15 10:32:36', '1150', 0),
	(121, 47, 32, 43, 1150, 'Kevin Hair Salon', '4', '3:00', 'PM', '2024-04-15 10:32:36', '1150', 0),
	(122, 47, 32, 43, 1150, 'Kevin Hair Salon', '5', '3:00', 'PM', '2024-04-15 10:32:36', '1150', 0),
	(123, 48, 32, 43, 1150, 'Kevin Hair Salon', '1', '4:00', 'PM', '2024-04-15 10:32:42', '1150', 0),
	(124, 48, 32, 43, 1150, 'Kevin Hair Salon', '2', '4:00', 'PM', '2024-04-15 10:32:42', '1150', 0),
	(125, 48, 32, 43, 1150, 'Kevin Hair Salon', '3', '4:00', 'PM', '2024-04-15 10:32:42', '1150', 0),
	(126, 48, 32, 43, 1150, 'Kevin Hair Salon', '4', '4:00', 'PM', '2024-04-15 10:32:42', '1150', 0),
	(127, 48, 32, 43, 1150, 'Kevin Hair Salon', '5', '4:00', 'PM', '2024-04-15 10:32:42', '1150', 0),
	(128, 49, 32, 43, 1150, 'Kevin Hair Salon', '1', '5:00', 'PM', '2024-04-15 10:32:47', '1150', 0),
	(129, 49, 32, 43, 1150, 'Kevin Hair Salon', '2', '5:00', 'PM', '2024-04-15 10:32:47', '1150', 0),
	(130, 49, 32, 43, 1150, 'Kevin Hair Salon', '3', '5:00', 'PM', '2024-04-15 10:32:47', '1150', 0),
	(131, 49, 32, 43, 1150, 'Kevin Hair Salon', '4', '5:00', 'PM', '2024-04-15 10:32:47', '1150', 0),
	(132, 49, 32, 43, 1150, 'Kevin Hair Salon', '5', '5:00', 'PM', '2024-04-15 10:32:47', '1150', 0),
	(133, 50, 32, 43, 1150, 'Kevin Hair Salon', '1', '6:00', 'PM', '2024-04-15 10:32:54', '1150', 0),
	(134, 50, 32, 43, 1150, 'Kevin Hair Salon', '2', '6:00', 'PM', '2024-04-15 10:32:54', '1150', 0),
	(135, 50, 32, 43, 1150, 'Kevin Hair Salon', '3', '6:00', 'PM', '2024-04-15 10:32:54', '1150', 0),
	(136, 50, 32, 43, 1150, 'Kevin Hair Salon', '4', '6:00', 'PM', '2024-04-15 10:32:54', '1150', 0),
	(137, 50, 32, 43, 1150, 'Kevin Hair Salon', '5', '6:00', 'PM', '2024-04-15 10:32:54', '1150', 0),
	(138, 51, 32, 43, 1150, 'Kevin Hair Salon', '1', '7:00', 'PM', '2024-04-15 10:33:00', '1150', 0),
	(139, 51, 32, 43, 1150, 'Kevin Hair Salon', '2', '7:00', 'PM', '2024-04-15 10:33:00', '1150', 0),
	(140, 51, 32, 43, 1150, 'Kevin Hair Salon', '3', '7:00', 'PM', '2024-04-15 10:33:00', '1150', 0),
	(141, 51, 32, 43, 1150, 'Kevin Hair Salon', '4', '7:00', 'PM', '2024-04-15 10:33:00', '1150', 0),
	(142, 51, 32, 43, 1150, 'Kevin Hair Salon', '5', '7:00', 'PM', '2024-04-15 10:33:00', '1150', 0),
	(143, 52, 32, 43, 1150, 'Kevin Hair Salon', '1', '8:00', 'PM', '2024-04-15 10:33:06', '1150', 0),
	(144, 52, 32, 43, 1150, 'Kevin Hair Salon', '2', '8:00', 'PM', '2024-04-15 10:33:06', '1150', 0),
	(145, 52, 32, 43, 1150, 'Kevin Hair Salon', '3', '8:00', 'PM', '2024-04-15 10:33:06', '1150', 0),
	(146, 52, 32, 43, 1150, 'Kevin Hair Salon', '4', '8:00', 'PM', '2024-04-15 10:33:06', '1150', 0),
	(147, 52, 32, 43, 1150, 'Kevin Hair Salon', '5', '8:00', 'PM', '2024-04-15 10:33:06', '1150', 0),
	(148, 53, 32, 43, 1150, 'Kevin Hair Salon', '1', '9:00', 'PM', '2024-04-15 10:33:13', '1150', 0),
	(149, 53, 32, 43, 1150, 'Kevin Hair Salon', '2', '9:00', 'PM', '2024-04-15 10:33:13', '1150', 0),
	(150, 53, 32, 43, 1150, 'Kevin Hair Salon', '3', '9:00', 'PM', '2024-04-15 10:33:13', '1150', 0),
	(151, 53, 32, 43, 1150, 'Kevin Hair Salon', '4', '9:00', 'PM', '2024-04-15 10:33:13', '1150', 0),
	(152, 53, 32, 43, 1150, 'Kevin Hair Salon', '5', '9:00', 'PM', '2024-04-15 10:33:13', '1150', 0),
	(165, 58, 34, 49, 1159, 'Oliver Nail Salon', '1', '9:00', 'AM', '2024-04-17 12:09:10', '1159', 0),
	(166, 58, 34, 49, 1159, 'Oliver Nail Salon', '2', '9:00', 'AM', '2024-04-17 12:09:10', '1159', 0),
	(167, 58, 34, 49, 1159, 'Oliver Nail Salon', '3', '9:00', 'AM', '2024-04-17 12:09:10', '1159', 0),
	(168, 59, 34, 49, 1159, 'Oliver Nail Salon', '1', '10:00', 'AM', '2024-04-17 12:09:56', '1159', 0),
	(169, 59, 34, 49, 1159, 'Oliver Nail Salon', '2', '10:00', 'AM', '2024-04-17 12:09:56', '1159', 0),
	(170, 59, 34, 49, 1159, 'Oliver Nail Salon', '3', '10:00', 'AM', '2024-04-17 12:09:56', '1159', 0),
	(171, 60, 34, 49, 1159, 'Oliver Nail Salon', '1', '11:00', 'AM', '2024-04-17 12:10:05', '1159', 0),
	(172, 60, 34, 49, 1159, 'Oliver Nail Salon', '2', '11:00', 'AM', '2024-04-17 12:10:05', '1159', 0),
	(173, 60, 34, 49, 1159, 'Oliver Nail Salon', '3', '11:00', 'AM', '2024-04-17 12:10:05', '1159', 0),
	(177, 62, 34, 49, 1159, 'Oliver Nail Salon', '1', '12:00', 'PM', '2024-04-17 12:11:54', '1159', 0),
	(178, 62, 34, 49, 1159, 'Oliver Nail Salon', '2', '12:00', 'PM', '2024-04-17 12:11:54', '1159', 0),
	(179, 62, 34, 49, 1159, 'Oliver Nail Salon', '3', '12:00', 'PM', '2024-04-17 12:11:54', '1159', 0);

-- Dumping structure for table db_onehome.bs_time
CREATE TABLE IF NOT EXISTS `bs_time` (
  `time_id` int(50) NOT NULL AUTO_INCREMENT,
  `s_id` int(50) DEFAULT NULL,
  `user_id` int(50) DEFAULT NULL,
  `s_description` varchar(155) DEFAULT NULL,
  `time` varchar(155) DEFAULT NULL,
  `am_pm` varchar(155) DEFAULT NULL,
  `slots` varchar(155) DEFAULT NULL,
  `added_by` varchar(50) CHARACTER SET utf8mb4 COLLATE utf8mb4_general_ci DEFAULT NULL,
  `date_added` varchar(50) CHARACTER SET utf8mb4 COLLATE utf8mb4_general_ci DEFAULT NULL,
  `modified_by` varchar(50) CHARACTER SET utf8mb4 COLLATE utf8mb4_general_ci DEFAULT NULL,
  `date_modified` varchar(50) CHARACTER SET utf8mb4 COLLATE utf8mb4_general_ci DEFAULT NULL,
  `deleted_by` varchar(50) CHARACTER SET utf8mb4 COLLATE utf8mb4_general_ci DEFAULT NULL,
  `date_deleted` varchar(50) CHARACTER SET utf8mb4 COLLATE utf8mb4_general_ci DEFAULT NULL,
  `is_deleted` int(1) DEFAULT 0,
  `uid` varchar(150) CHARACTER SET utf8mb4 COLLATE utf8mb4_general_ci DEFAULT NULL,
  PRIMARY KEY (`time_id`)
) ENGINE=InnoDB AUTO_INCREMENT=63 DEFAULT CHARSET=latin1 COLLATE=latin1_swedish_ci;

-- Dumping data for table db_onehome.bs_time: ~18 rows (approximately)
INSERT INTO `bs_time` (`time_id`, `s_id`, `user_id`, `s_description`, `time`, `am_pm`, `slots`, `added_by`, `date_added`, `modified_by`, `date_modified`, `deleted_by`, `date_deleted`, `is_deleted`, `uid`) VALUES
	(41, 32, 1150, 'Kevin Hair Salon', '9:00', 'AM', '3', '1150', '2024-04-15 10:30:43', NULL, NULL, NULL, NULL, 0, '3416a75f4cea9109507cacd8e2f2aefc'),
	(42, 32, 1150, 'Kevin Hair Salon', '10:00', 'AM', '5', '1150', '2024-04-15 10:31:53', NULL, NULL, NULL, NULL, 0, 'a1d0c6e83f027327d8461063f4ac58a6'),
	(43, 32, 1150, 'Kevin Hair Salon', '11:00', 'AM', '5', '1150', '2024-04-15 10:31:59', NULL, NULL, NULL, NULL, 0, '17e62166fc8586dfa4d1bc0e1742c08b'),
	(44, 32, 1150, 'Kevin Hair Salon', '12:00', 'PM', '5', '1150', '2024-04-15 10:32:03', '1150', '2024-04-15 10:33:23', NULL, NULL, 0, 'f7177163c833dff4b38fc8d2872f1ec6'),
	(45, 32, 1150, 'Kevin Hair Salon', '1:00', 'PM', '5', '1150', '2024-04-15 10:32:12', NULL, NULL, NULL, NULL, 0, '6c8349cc7260ae62e3b1396831a8398f'),
	(46, 32, 1150, 'Kevin Hair Salon', '2:00', 'PM', '5', '1150', '2024-04-15 10:32:27', NULL, NULL, NULL, NULL, 0, 'd9d4f495e875a2e075a1a4a6e1b9770f'),
	(47, 32, 1150, 'Kevin Hair Salon', '3:00', 'PM', '5', '1150', '2024-04-15 10:32:36', NULL, NULL, NULL, NULL, 0, '67c6a1e7ce56d3d6fa748ab6d9af3fd7'),
	(48, 32, 1150, 'Kevin Hair Salon', '4:00', 'PM', '5', '1150', '2024-04-15 10:32:42', NULL, NULL, NULL, NULL, 0, '642e92efb79421734881b53e1e1b18b6'),
	(49, 32, 1150, 'Kevin Hair Salon', '5:00', 'PM', '5', '1150', '2024-04-15 10:32:47', NULL, NULL, NULL, NULL, 0, 'f457c545a9ded88f18ecee47145a72c0'),
	(50, 32, 1150, 'Kevin Hair Salon', '6:00', 'PM', '5', '1150', '2024-04-15 10:32:54', NULL, NULL, NULL, NULL, 0, 'c0c7c76d30bd3dcaefc96f40275bdc0a'),
	(51, 32, 1150, 'Kevin Hair Salon', '7:00', 'PM', '5', '1150', '2024-04-15 10:33:00', NULL, NULL, NULL, NULL, 0, '2838023a778dfaecdc212708f721b788'),
	(52, 32, 1150, 'Kevin Hair Salon', '8:00', 'PM', '5', '1150', '2024-04-15 10:33:06', NULL, NULL, NULL, NULL, 0, '9a1158154dfa42caddbd0694a4e9bdc8'),
	(53, 32, 1150, 'Kevin Hair Salon', '9:00', 'PM', '5', '1150', '2024-04-15 10:33:13', NULL, NULL, NULL, NULL, 0, 'd82c8d1619ad8176d665453cfb2e55f0'),
	(58, 34, 1159, 'Oliver Nail Salon', '9:00', 'AM', '3', '1159', '2024-04-17 12:09:10', NULL, NULL, NULL, NULL, 0, '66f041e16a60928b05a7e228a89c3799'),
	(59, 34, 1159, 'Oliver Nail Salon', '10:00', 'AM', '3', '1159', '2024-04-17 12:09:56', NULL, NULL, NULL, NULL, 0, '093f65e080a295f8076b1c5722a46aa2'),
	(60, 34, 1159, 'Oliver Nail Salon', '11:00', 'AM', '3', '1159', '2024-04-17 12:10:05', NULL, NULL, NULL, NULL, 0, '072b030ba126b2f4b2374f342be9ed44'),
	(61, 34, 1159, 'Oliver Nail Salon', '12:00', '', '3', '1159', '2024-04-17 12:10:18', '1159', '2024-04-17 12:11:28', '1159', '2024-04-17 12:11:42', 1, '7f39f8317fbdb1988ef4c628eba02591'),
	(62, 34, 1159, 'Oliver Nail Salon', '12:00', 'PM', '3', '1159', '2024-04-17 12:11:54', NULL, NULL, NULL, NULL, 0, '44f683a84163b3523afe57c2e008bc8c');

-- Dumping structure for table db_onehome.bs_user
CREATE TABLE IF NOT EXISTS `bs_user` (
  `user_id` int(10) unsigned NOT NULL AUTO_INCREMENT,
  `firstname` varchar(100) NOT NULL DEFAULT '',
  `middlename` varchar(100) NOT NULL DEFAULT '',
  `lastname` varchar(100) NOT NULL DEFAULT '',
  `email` varchar(100) DEFAULT '',
  `username` varchar(100) NOT NULL DEFAULT '',
  `password` varchar(32) NOT NULL DEFAULT '',
  `pass_text` varchar(200) NOT NULL DEFAULT '',
  `email_verified_at` datetime(6) DEFAULT NULL,
  `verification_code` tinytext DEFAULT NULL,
  `title` varchar(100) DEFAULT '',
  `contactno` varchar(100) DEFAULT '',
  `address` text DEFAULT NULL,
  `image` varchar(200) NOT NULL DEFAULT '',
  `thumbnail` varchar(200) NOT NULL DEFAULT '',
  `is_admin` tinyint(1) NOT NULL DEFAULT 0,
  `is_client` tinyint(1) NOT NULL DEFAULT 0,
  `is_department` tinyint(1) NOT NULL DEFAULT 0,
  `is_salon` tinyint(1) NOT NULL DEFAULT 0,
  `is_access` tinyint(1) NOT NULL DEFAULT 0,
  `is_services` tinyint(1) NOT NULL DEFAULT 0,
  `is_sent_appointment` tinyint(1) NOT NULL DEFAULT 0,
  `is_staff_eval` tinyint(1) NOT NULL DEFAULT 0,
  `is_staff_response` tinyint(1) NOT NULL DEFAULT 0,
  `is_profile` tinyint(1) NOT NULL DEFAULT 0,
  `is_history` tinyint(1) NOT NULL DEFAULT 0,
  `is_appointments` tinyint(1) NOT NULL DEFAULT 0,
  `access_level` int(10) NOT NULL DEFAULT 0,
  `is_user` int(1) NOT NULL DEFAULT 0,
  `is_essentials` int(1) NOT NULL DEFAULT 0,
  `is_user_add` int(1) NOT NULL DEFAULT 0,
  `is_user_modify` int(1) NOT NULL DEFAULT 0,
  `is_user_delete` int(1) NOT NULL DEFAULT 0,
  `is_report` int(1) NOT NULL DEFAULT 0,
  `date_added` varchar(50) DEFAULT NULL,
  `added_by` int(10) NOT NULL DEFAULT 0,
  `date_modified` varchar(50) DEFAULT NULL,
  `modified_by` int(10) NOT NULL DEFAULT 0,
  `date_deleted` varchar(50) DEFAULT NULL,
  `deleted_by` int(10) NOT NULL DEFAULT 0,
  `is_deleted` tinyint(1) NOT NULL DEFAULT 0,
  `is_active` tinyint(1) NOT NULL DEFAULT 0,
  `last_login` timestamp NOT NULL DEFAULT current_timestamp() ON UPDATE current_timestamp(),
  `last_logout` timestamp NOT NULL DEFAULT current_timestamp(),
  `uid` varchar(170) NOT NULL DEFAULT '',
  `is_test` tinyint(1) DEFAULT 0,
  PRIMARY KEY (`user_id`)
) ENGINE=MyISAM AUTO_INCREMENT=1190 DEFAULT CHARSET=latin1 COLLATE=latin1_swedish_ci;

-- Dumping data for table db_onehome.bs_user: 5 rows
/*!40000 ALTER TABLE `bs_user` DISABLE KEYS */;
INSERT INTO `bs_user` (`user_id`, `firstname`, `middlename`, `lastname`, `email`, `username`, `password`, `pass_text`, `email_verified_at`, `verification_code`, `title`, `contactno`, `address`, `image`, `thumbnail`, `is_admin`, `is_client`, `is_department`, `is_salon`, `is_access`, `is_services`, `is_sent_appointment`, `is_staff_eval`, `is_staff_response`, `is_profile`, `is_history`, `is_appointments`, `access_level`, `is_user`, `is_essentials`, `is_user_add`, `is_user_modify`, `is_user_delete`, `is_report`, `date_added`, `added_by`, `date_modified`, `modified_by`, `date_deleted`, `deleted_by`, `is_deleted`, `is_active`, `last_login`, `last_logout`, `uid`, `is_test`) VALUES
	(1002, 'Super Admin', '', 'Super Admin', 'admin', 'admin', '81dc9bdb52d04dc20036dbd8313ed055', '1234', '0000-00-00 00:00:00.000000', '247156', 'Senior Programmer', '123456789', 'Bacolod City', '2bba929d092056000351e51da78e23be.png', 'e1f178d18ad4c37117985eab2f05b32f.png', 1, 1, 1, 1, 1, 1, 1, 1, 1, 1, 1, 1, 1, 1, 1, 1, 1, 1, 1, '2022-11-09 19:09:24', 0, '2024-04-10 17:59:47', 1177, NULL, 0, 0, 1, '2024-10-15 06:33:54', '2024-04-10 03:18:12', 'fba9d88164f3e2d9109ee770223212a0', 0),
	(1003, 'Admin', '', 'Admin', 'admin@gmail.com', 'admin1', '1234', '1234', NULL, NULL, '', '09876543210', 'Lorem ipsum dolor sit amet, consectetur adipiscing elit, sed do eiusmod tempor incididunt ut labore et dolore magna aliqua.', '2bba929d092056000351e51da78e23be.png', 'e1f178d18ad4c37117985eab2f05b32f.png', 0, 0, 0, 0, 0, 0, 0, 0, 0, 0, 0, 0, 1, 1, 0, 1, 1, 1, 1, '2023-07-27 14:50:24', 1002, '2024-04-10 17:59:47', 1177, '', 0, 0, 0, '2024-09-17 07:45:44', '2024-04-04 02:27:55', '8f1d43620bc6bb580df6e80b0dc05c48', 0),
	(1150, 'Kevin', '', 'Cortez', 'kevin@gmail.com', 'kevin', '81dc9bdb52d04dc20036dbd8313ed055', '1234', '2024-04-10 09:48:45.000000', '247156', '', '0966546565', 'BC', 'e735375aca75942fc973f6cc869594b6.jpg', '98aead400c78e0bae31ae09991f47888.jpg', 0, 0, 0, 0, 0, 1, 0, 0, 0, 1, 1, 1, 0, 0, 0, 0, 0, 0, 0, '2024-03-08 09:44:14', 1002, '2024-09-18 10:04:04', 1002, '', 0, 0, 1, '2024-09-18 02:04:04', '2024-04-16 06:40:49', '2b38c2df6a49b97f706ec9148ce48d86', 0),
	(1188, 'Errold', '', 'Calvo', 'Errold@gmail.com', 'errold', '81dc9bdb52d04dc20036dbd8313ed055', '1234', NULL, NULL, '', '123', 'BC', '6a41f2e5bf2c7a4e7b295874ff41910a.png', '032726f5123111e30175eddeb8d36b74.png', 0, 0, 0, 0, 0, 0, 0, 0, 0, 0, 0, 0, 0, 0, 0, 0, 0, 0, 0, '2024-09-18 11:07:23', 1002, '2024-09-18 11:15:14', 1002, '2024-09-18 11:26:04', 1002, 1, 0, '2024-09-18 03:26:04', '2024-09-18 03:07:24', 'c44e503833b64e9f27197a484f4257c0', 0),
	(1189, 'Errold', '', 'Calvo', 'Test@gmail.com', 'errold', '81dc9bdb52d04dc20036dbd8313ed055', '1234', NULL, NULL, '', '123', 'BC', '0c703dd979603d22086cb8e79a6fb893.png', 'd6c09692fff54ca7af3c4ad702f94094.png', 0, 0, 0, 0, 0, 0, 0, 0, 0, 0, 0, 0, 0, 0, 0, 0, 0, 0, 0, '2024-09-18 11:26:25', 1002, NULL, 0, NULL, 0, 0, 1, '2024-09-18 03:27:06', '2024-09-18 03:26:25', '82c2559140b95ccda9c6ca4a8b981f1e', 0);
/*!40000 ALTER TABLE `bs_user` ENABLE KEYS */;

-- Dumping structure for table db_onehome.notification
CREATE TABLE IF NOT EXISTS `notification` (
  `n_id` int(11) NOT NULL AUTO_INCREMENT,
  `n_sub` varchar(250) NOT NULL,
  `n_msg` text NOT NULL,
  PRIMARY KEY (`n_id`)
) ENGINE=InnoDB AUTO_INCREMENT=8 DEFAULT CHARSET=utf8mb4 COLLATE=utf8mb4_general_ci;

-- Dumping data for table db_onehome.notification: ~7 rows (approximately)
INSERT INTO `notification` (`n_id`, `n_sub`, `n_msg`) VALUES
	(1, 'New Subject 3', 'This is a dummy text.'),
	(2, 'New Subject 2', 'This is a dummy text.'),
	(3, 'New Subject 1', 'This is a dummy text.'),
	(4, 'New Notification', 'Hello'),
	(5, 'New Notification 2', 'Hello'),
	(6, 'New 2', 'Hello'),
	(7, 'New 3', 'Hello');

-- Dumping structure for table db_onehome.tbl_basket
CREATE TABLE IF NOT EXISTS `tbl_basket` (
  `b_id` int(11) NOT NULL AUTO_INCREMENT,
  `b_num` int(11) NOT NULL DEFAULT 0,
  `is_deleted` int(1) NOT NULL DEFAULT 0,
  PRIMARY KEY (`b_id`)
) ENGINE=InnoDB AUTO_INCREMENT=4 DEFAULT CHARSET=utf8mb4 COLLATE=utf8mb4_general_ci;

-- Dumping data for table db_onehome.tbl_basket: ~3 rows (approximately)
INSERT INTO `tbl_basket` (`b_id`, `b_num`, `is_deleted`) VALUES
	(1, 1, 0),
	(2, 2, 0),
	(3, 3, 0);

-- Dumping structure for table db_onehome.tbl_counter
CREATE TABLE IF NOT EXISTS `tbl_counter` (
  `id` int(11) NOT NULL AUTO_INCREMENT,
  `counter` int(155) DEFAULT NULL,
  PRIMARY KEY (`id`)
) ENGINE=InnoDB AUTO_INCREMENT=2 DEFAULT CHARSET=utf8mb4 COLLATE=utf8mb4_general_ci;

-- Dumping data for table db_onehome.tbl_counter: ~0 rows (approximately)
INSERT INTO `tbl_counter` (`id`, `counter`) VALUES
	(1, 1137);

-- Dumping structure for table db_onehome.tr_log
CREATE TABLE IF NOT EXISTS `tr_log` (
  `id` int(10) unsigned NOT NULL AUTO_INCREMENT,
  `module` varchar(70) NOT NULL DEFAULT '0',
  `action` varchar(400) NOT NULL,
  `description` text NOT NULL,
  `action_by` varchar(50) NOT NULL DEFAULT '0',
  `log_action_date` varchar(50) NOT NULL DEFAULT '0000-00-00 00:00:00',
  PRIMARY KEY (`id`)
) ENGINE=MyISAM AUTO_INCREMENT=144 DEFAULT CHARSET=latin1 COLLATE=latin1_swedish_ci;

-- Dumping data for table db_onehome.tr_log: 143 rows
/*!40000 ALTER TABLE `tr_log` DISABLE KEYS */;
INSERT INTO `tr_log` (`id`, `module`, `action`, `description`, `action_by`, `log_action_date`) VALUES
	(1, 'User', 'Add New', 'First Name: Sample <br /> Last Name: Sample <br /> Username: sample <br /> Contact Number:  <br /> Card Number: 123', '1002', '2023-06-06 09:44:24'),
	(2, 'Card', 'Add New', 'Card holder: John Doe  <br /> Card Number: 321 <br /> Diesel Peso Discount: 1 <br /> Premium Peso Discount: 1 <br /> Unleaded Peso Discount: 1', '1002', '2023-06-06 09:44:45'),
	(3, 'Transaction', 'Add', 'Invoice Number: 060623-094450 <br /> Product Name: Premium <br /> Price: 70.20 <br /> Amount: 100 <br /> Card holder: John Doe  <br /> Card Number: 321 <br /> Card Discount: 1.00 <br /> Points: 1.42 <br /> User: Sample, Sample', '1002', '2023-06-06 09:44:54'),
	(4, 'Transaction', 'Add', 'Invoice Number: 060623-094450 <br /> Product Name: Premium <br /> Price: 70.20 <br /> Amount: 100 <br /> Card holder: John Doe  <br /> Card Number: 321 <br /> Card Discount: 1.00 <br /> Points: 1.42 <br /> User: Sample, Sample', '1002', '2023-06-06 16:10:00'),
	(5, 'Transaction', 'Add', 'Invoice Number: 060623-094450 <br /> Product Name: Premium <br /> Price: 70.20 <br /> Amount: 100 <br /> Card holder: John Doe  <br /> Card Number: 321 <br /> Card Discount: 1.00 <br /> Points: 1.42 <br /> User: Sample, Sample', '1002', '2023-06-06 16:10:30'),
	(6, 'Transaction', 'Add', 'Invoice Number: 060623-094450 <br /> Product Name: Premium <br /> Price: 70.20 <br /> Amount: 100 <br /> Card holder: John Doe  <br /> Card Number: 321 <br /> Card Discount: 1.00 <br /> Points: 1.42 <br /> User: Sample, Sample', '1002', '2023-06-06 16:12:34'),
	(7, 'Transaction', 'Add', 'Invoice Number: 060623-094450 <br /> Product Name: Premium <br /> Price: 70.20 <br /> Amount: 100 <br /> Card holder: John Doe  <br /> Card Number: 321 <br /> Card Discount: 1.00 <br /> Points: 1.42 <br /> User: Sample, Sample', '1002', '2023-06-06 16:13:22'),
	(8, 'Transaction', 'Add', 'Invoice Number: 060623-094450 <br /> Product Name: Premium <br /> Price: 70.20 <br /> Amount: 100 <br /> Card holder: John Doe  <br /> Card Number: 321 <br /> Card Discount: 1.00 <br /> Points: 1.42 <br /> User: Sample, Sample', '1002', '2023-06-06 16:19:20'),
	(9, 'Transaction', 'Add', 'Invoice Number: 060623-094450 <br /> Product Name: Premium <br /> Price: 70.20 <br /> Amount: 100 <br /> Card holder: John Doe  <br /> Card Number: 321 <br /> Card Discount: 1.00 <br /> Points: 1.42 <br /> User: Sample, Sample', '1002', '2023-06-06 16:19:52'),
	(10, 'Transaction', 'Add', 'Invoice Number: 060623-094450 <br /> Product Name: Premium <br /> Price: 70.20 <br /> Amount: 100 <br /> Card holder: John Doe  <br /> Card Number: 321 <br /> Card Discount: 1.00 <br /> Points: 1.42 <br /> User: Sample, Sample', '1002', '2023-06-06 16:21:59'),
	(11, 'Transaction', 'Add', 'Invoice Number: 060623-094450 <br /> Product Name: Premium <br /> Price: 70.20 <br /> Amount: 100 <br /> Card holder: John Doe  <br /> Card Number: 321 <br /> Card Discount: 1.00 <br /> Points: 1.42 <br /> User: Sample, Sample', '1002', '2023-06-06 16:24:51'),
	(12, 'User', 'User Added', 'First Name: Ainsley<br /> Middle Name: Fatima Mckenzie<br /> Last Name: Rasmussen<br /> Contact Number: 442<br /> Address: Voluptate sed dolori', '1002', '2024-03-01 09:46:57'),
	(13, 'User', 'User Deleted', 'First Name: Guy<br /> Middle Name: <br /> Last Name: Charles<br /> Contact Number: Est nihil quibusdam <br /> Address: Aute ullam quia est', '1002', '2024-03-04 09:57:39'),
	(14, 'User', 'User Modified', 'First Name: Imogene<br /> Middle Name: Frost<br /> Last Name: Barron<br /> Contact Number: 42<br /> Address: Talisay', '1002', '2024-03-04 10:46:39'),
	(15, 'User', 'User Modified', 'First Name: Imogene<br /> Middle Name: Frost<br /> Last Name: Barron<br /> Contact Number: 42<br /> Address: Talisay', '1002', '2024-03-04 10:46:53'),
	(16, 'User', 'User Modified', 'First Name: Imogene<br /> Middle Name: Frost<br /> Last Name: Barron<br /> Contact Number: 42<br /> Address: Talisay', '1002', '2024-03-04 11:05:07'),
	(17, 'User', 'User Modified', 'First Name: Salvador<br /> Middle Name: Sydney Gilliam<br /> Last Name: Cline<br /> Contact Number: 470<br /> Address: Laboris et ut omnis ', '1002', '2024-03-04 11:06:24'),
	(18, 'User', 'User Modified', 'First Name: Imogene<br /> Middle Name: <br /> Last Name: Barron<br /> Contact Number: 42<br /> Address: Talisay', '1002', '2024-03-04 12:27:09'),
	(19, 'User', 'User Modified', 'First Name: Cailin<br /> Middle Name: <br /> Last Name: Berry<br /> Contact Number: Iste cupidatat sed o<br /> Address: Doloribus est cupidi', '1002', '2024-03-04 12:27:41'),
	(20, 'User', 'User Added', 'First Name: Malik<br /> Middle Name: <br /> Last Name: Salas<br /> Contact Number: 185<br /> Address: Nobis voluptas est ', '1002', '2024-03-04 12:31:37'),
	(21, 'User', 'User Added', 'First Name: Ayanna<br /> Middle Name: <br /> Last Name: Cook<br /> Contact Number: 736<br /> Address: Tenetur rerum animi', '1002', '2024-03-04 12:37:24'),
	(22, 'User', 'User Added', 'First Name: Hoyt<br /> Middle Name: <br /> Last Name: Mcguire<br /> Contact Number: 765<br /> Address: Dolore facilis aperi', '1002', '2024-03-04 12:40:26'),
	(23, 'User', 'User Added', 'First Name: Leigh<br /> Middle Name: <br /> Last Name: Moody<br /> Contact Number: 924<br /> Address: Quam non nulla eu ve', '1002', '2024-03-04 12:45:27'),
	(24, 'User', 'User Modified', 'First Name: Imogene<br /> Middle Name: <br /> Last Name: Barron<br /> Contact Number: 42<br /> Address: Talisay', '1002', '2024-03-04 12:47:35'),
	(25, 'User', 'User Deleted', 'First Name: <br /> Middle Name: <br /> Last Name: <br /> Contact Number: <br /> Address: ', '1002', '2024-03-07 10:40:13'),
	(26, 'User', 'User Deleted', 'c_fname: <br /> c_lname: <br /> c_email: <br /> c_contact: <br /> c_address: ', '1002', '2024-03-07 10:46:09'),
	(27, 'User', 'User Added', 'First Name: Kevin<br /> Middle Name: <br /> Last Name: Cortez<br /> Contact Number: 096225656566<br /> Address: BC', '1002', '2024-03-08 09:42:51'),
	(28, 'User', 'User Added', 'First Name: Kevin<br /> Middle Name: <br /> Last Name: Cortez<br /> Contact Number: 0966546565<br /> Address: TC', '1002', '2024-03-08 09:44:14'),
	(29, 'User', 'User Deleted', 'First Name: Imogene<br /> Middle Name: <br /> Last Name: Barron<br /> Contact Number: 42<br /> Address: Talisay', '1002', '2024-03-08 15:30:33'),
	(30, 'User', 'User Deleted', 'First Name: Cailin<br /> Middle Name: <br /> Last Name: Berry<br /> Contact Number: Iste cupidatat sed o<br /> Address: Doloribus est cupidi', '1002', '2024-03-08 15:30:35'),
	(31, 'User', 'User Deleted', 'First Name: Jerome<br /> Middle Name: Gentry<br /> Last Name: Burke<br /> Contact Number: 68<br /> Address: Natus magni laudanti', '1002', '2024-03-08 15:30:38'),
	(32, 'User', 'User Deleted', 'First Name: Salvador<br /> Middle Name: Sydney Gilliam<br /> Last Name: Cline<br /> Contact Number: 470<br /> Address: Laboris et ut omnis ', '1002', '2024-03-08 15:30:40'),
	(33, 'User', 'User Deleted', 'First Name: Olympia<br /> Middle Name: Haynes<br /> Last Name: Cooley<br /> Contact Number: 178<br /> Address: Facilis in ut ullamc', '1002', '2024-03-08 15:30:42'),
	(34, 'User', 'User Deleted', 'First Name: Simon<br /> Middle Name: <br /> Last Name: Figueroa<br /> Contact Number: Perspiciatis corpor<br /> Address: Error lorem aut moll', '1002', '2024-03-08 15:30:45'),
	(35, 'User', 'User Deleted', 'First Name: Emma<br /> Middle Name: <br /> Last Name: Franklin<br /> Contact Number: 347<br /> Address: ', '1002', '2024-03-08 15:30:47'),
	(36, 'User', 'User Deleted', 'First Name: Sopoline<br /> Middle Name: <br /> Last Name: Hoffman<br /> Contact Number: 838<br /> Address: ', '1002', '2024-03-08 15:30:50'),
	(37, 'User', 'User Deleted', 'First Name: Colorado<br /> Middle Name: <br /> Last Name: Norton<br /> Contact Number: Tempor irure ipsam l<br /> Address: Aperiam velit repre', '1002', '2024-03-08 15:30:52'),
	(38, 'User', 'User Deleted', 'First Name: Ainsley<br /> Middle Name: Fatima Mckenzie<br /> Last Name: Rasmussen<br /> Contact Number: 442<br /> Address: Voluptate sed dolori', '1002', '2024-03-08 15:30:55'),
	(39, 'User', 'User Deleted', 'First Name: Ann<br /> Middle Name: Hale<br /> Last Name: Sherman<br /> Contact Number: 397<br /> Address: ', '1002', '2024-03-08 15:30:58'),
	(40, 'User', 'User Deleted', 'First Name: Bianca<br /> Middle Name: Yonson<br /> Last Name: Wong<br /> Contact Number: 1234567890<br /> Address: ', '1002', '2024-03-08 15:31:01'),
	(41, 'User', 'User Deleted', 'c_fname: Sopoline<br /> c_lname: Hoffman<br /> c_email: kamoqomuj@mailinator.com<br /> c_contact: 838<br /> c_address: Dolor id aut earum e', '1002', '2024-03-08 15:31:13'),
	(42, 'User', 'User Deleted', 'c_fname: Lucian<br /> c_lname: Warren<br /> c_email: gunemyg@mailinator.com<br /> c_contact: 673<br /> c_address: Architecto praesenti', '1002', '2024-03-08 15:31:15'),
	(43, 'User', 'User Deleted', 'c_fname: <br /> c_lname: <br /> c_email: <br /> c_contact: <br /> c_address: ', '1002', '2024-03-08 16:53:14'),
	(44, 'User', 'User Deleted', 'c_fname: <br /> c_lname: <br /> c_email: <br /> c_contact: <br /> c_address: ', '1002', '2024-03-08 16:54:25'),
	(45, 'User', 'User Deleted', 'c_fname: <br /> c_lname: <br /> c_email: <br /> c_contact: <br /> c_address: ', '1002', '2024-03-08 16:54:37'),
	(46, 'User', 'User Deleted', 'c_fname: <br /> c_lname: <br /> c_email: <br /> c_contact: <br /> c_address: ', '1002', '2024-03-08 16:55:11'),
	(47, 'User', 'User Modified', 'First Name: Vladimer<br /> Middle Name: <br /> Last Name: Ombi-on<br /> Contact Number: 093656454645<br /> Address: TC', '1002', '2024-03-08 16:56:51'),
	(48, 'User', 'User Deleted', 'First Name: Kevin<br /> Middle Name: <br /> Last Name: Cortez<br /> Contact Number: 09665034568<br /> Address: ', '1002', '2024-03-11 09:55:01'),
	(49, 'User', 'User Modified', 'First Name: Kevin<br /> Middle Name: <br /> Last Name: Cortez<br /> Contact Number: 0966546565<br /> Address: TC', '1002', '2024-03-11 10:21:51'),
	(50, 'User', 'User Modified', 'First Name: Ronald<br /> Middle Name: <br /> Last Name: Tangguan<br /> Contact Number: 09928522244<br /> Address: Talisay City', '1002', '2024-03-11 14:42:47'),
	(51, 'User', 'User Modified', 'First Name: Vladimer<br /> Middle Name: <br /> Last Name: Ombi-on<br /> Contact Number: 093656454645<br /> Address: TC', '1002', '2024-03-11 14:43:34'),
	(52, 'User', 'User Deleted', 'c_fname: Haden<br /> c_lname: James<br /> c_email: haden@gmail.com<br /> c_contact: 0946546456456<br /> c_address: BC', '1002', '2024-03-11 16:23:26'),
	(53, 'User', 'User Deleted', 'c_fname: Odette<br /> c_lname: Roman<br /> c_email: wyfa@mailinator.com<br /> c_contact: 170<br /> c_address: Quos excepturi quos ', '1002', '2024-03-11 16:33:43'),
	(54, 'User', 'User Deleted', 'c_fname: Haden<br /> c_lname: James<br /> c_email: haden@gmail.com<br /> c_contact: 0965148546565<br /> c_address: BC', '1002', '2024-03-11 16:33:46'),
	(55, 'User', 'User Added', 'First Name: Chava<br /> Middle Name: <br /> Last Name: Frederick<br /> Contact Number: 129<br /> Address: Eos omnis aut laboru', '1002', '2024-03-11 16:34:39'),
	(56, 'User', 'User Modified', 'First Name: Oliver<br /> Middle Name: <br /> Last Name: Oliver<br /> Contact Number: 111<br /> Address: Ab quo et et accusan', '1002', '2024-03-11 16:42:18'),
	(57, 'User', 'User Modified', 'First Name: Oliver<br /> Middle Name: <br /> Last Name: Oliver<br /> Contact Number: 111<br /> Address: Ab quo et et accusan', '1002', '2024-03-11 16:42:23'),
	(58, 'User', 'User Deleted', 'c_fname: Vladimer<br /> c_lname: Ombi-on<br /> c_email: vladimer@gmail.com<br /> c_contact: 09663656546<br /> c_address: BC', '1002', '2024-03-12 09:27:06'),
	(59, 'User', 'User Deleted', 'Service Name: Haircut<br /> Service Price: 80.00', '1150', '2024-03-12 13:58:08'),
	(60, 'User', 'User Deleted', 'Service Name: Hairstyle<br /> Service Price: 100.00', '1150', '2024-03-12 13:58:10'),
	(61, 'User', 'User Deleted', 'Service Name: Hair Rebond<br /> Service Price: 1000.00', '1150', '2024-03-12 13:58:13'),
	(62, 'User', 'User Deleted', 'Service Name: Semi Rebond<br /> Service Price: 800.00', '1150', '2024-03-12 13:58:16'),
	(63, 'User', 'User Deleted', 'Service Name: Brazillian Hair Rebond<br /> Service Price: 1500.00', '1150', '2024-03-12 13:58:17'),
	(64, 'User', 'User Deleted', 'Service Name: Brazillian Color Hair Rebond<br /> Service Price: 2000.00', '1150', '2024-03-12 13:58:19'),
	(65, 'User', 'User Deleted', 'Service Name: Hair Trimming<br /> Service Price: 50.00', '1150', '2024-03-12 13:58:21'),
	(66, 'User', 'User Deleted', 'Service Name: Shave<br /> Service Price: 100.00', '1150', '2024-03-12 13:58:23'),
	(67, 'User', 'User Deleted', 'Service Name: Manicure<br /> Service Price: 150.00', '1150', '2024-03-12 13:58:25'),
	(68, 'User', 'User Modified', 'First Name: Kevin<br /> Middle Name: <br /> Last Name: Cortez<br /> Contact Number: 0966546565<br /> Address: TC', '1002', '2024-03-13 15:49:51'),
	(69, 'User', 'User Modified', 'First Name: Ronald<br /> Middle Name: <br /> Last Name: Tangguan<br /> Contact Number: 09928522244<br /> Address: Talisay City', '1002', '2024-03-14 11:40:54'),
	(70, 'User', 'User Modified', 'First Name: Oliver<br /> Middle Name: <br /> Last Name: Oliver<br /> Contact Number: 111<br /> Address: Ab quo et et accusan', '1002', '2024-03-14 15:00:31'),
	(71, 'User', 'User Modified', 'First Name: Vladimer<br /> Middle Name: <br /> Last Name: Ombi-on<br /> Contact Number: 09669544547<br /> Address: BC', '1002', '2024-03-14 15:00:49'),
	(72, 'User', 'User Modified', 'First Name: Hiram<br /> Middle Name: <br /> Last Name: Cantrell<br /> Contact Number: 588<br /> Address: BC', '1002', '2024-03-15 10:54:39'),
	(73, 'User', 'User Deleted', 'c_fname: Hiram<br /> c_lname: Cantrell<br /> c_email: jehynemy@mailinator.com<br /> c_contact: 588<br /> c_address: Facilis eaque blandi', '1002', '2024-03-15 10:58:11'),
	(74, 'User', 'User Deleted', 'First Name: Hiram<br /> Middle Name: <br /> Last Name: Cantrell<br /> Contact Number: 588<br /> Address: BC', '1002', '2024-03-15 10:58:17'),
	(75, 'User', 'User Modified', 'First Name: Erin<br /> Middle Name: <br /> Last Name: Frazier<br /> Contact Number: 625<br /> Address: BC', '1002', '2024-03-15 11:37:27'),
	(76, 'User', 'User Deleted', 'First Name: Ronald<br /> Middle Name: <br /> Last Name: Tangguan<br /> Contact Number: 09928522244<br /> Address: Talisay City', '1002', '2024-03-18 14:26:44'),
	(77, 'User', 'User Deleted', 'First Name: Ronald<br /> Middle Name: <br /> Last Name: Tangguan<br /> Contact Number: 09665034568<br /> Address: ', '1002', '2024-03-18 14:37:15'),
	(78, 'User', 'User Deleted', 'c_fname: Ronald<br /> c_lname: Tangguan<br /> c_email: <br /> c_contact: 09665034568<br /> c_address: ', '1002', '2024-03-18 14:37:22'),
	(79, 'User', 'User Modified', 'First Name: Ronald<br /> Middle Name: <br /> Last Name: Tangguan<br /> Contact Number: 09665034568<br /> Address: Capt Sabi Zone 4 Talisay City, Negros Occidental, Philippines', '1002', '2024-03-18 14:38:15'),
	(80, 'User', 'User Deleted', 'First Name: Ronald<br /> Middle Name: <br /> Last Name: Tangguan<br /> Contact Number: 09665034568<br /> Address: Capt Sabi Zone 4 Talisay City, Negros Occidental, Philippines', '1002', '2024-03-18 14:50:05'),
	(81, 'User', 'User Modified', 'First Name: Ronald<br /> Middle Name: <br /> Last Name: Tangguan<br /> Contact Number: 09665034568<br /> Address: Capt. Sabi Zone 4, Talisay City, Negros Occidental', '1002', '2024-03-18 14:53:14'),
	(82, 'User', 'User Modified', 'First Name: Admin<br /> Middle Name: <br /> Last Name: Admin<br /> Contact Number: 09876543210<br /> Address: Lorem ipsum dolor sit amet, consectetur adipiscing elit, sed do eiusmod tempor incididunt ut labore et dolore magna aliqua.', '1002', '2024-03-18 16:16:21'),
	(83, 'User', 'User Deleted', 'Service Name: Pedicure<br /> Service Price: 250.00', '1150', '2024-03-22 09:59:49'),
	(84, 'User', 'User Deleted', 'Service Name: Manicure<br /> Service Price: 200.00', '1150', '2024-03-22 10:06:25'),
	(85, 'User', 'User Deleted', 'Service Name: Haircut<br /> Service Price: 80.00', '1150', '2024-03-22 13:15:36'),
	(86, 'User', 'User Deleted', 'Time 9:00<br /> AM/PM AM', '1150', '2024-03-25 15:41:50'),
	(87, 'User', 'User Deleted', 'Time 10<br /> AM/PM AM', '1150', '2024-03-25 15:42:21'),
	(88, 'User', 'User Deleted', 'Time 11<br /> AM/PM AM', '1150', '2024-03-25 15:42:23'),
	(89, 'User', 'User Modified', 'First Name: Vladimer<br /> Middle Name: <br /> Last Name: Ombi-on<br /> Contact Number: 09669544547<br /> Address: BC', '1002', '2024-04-01 15:26:04'),
	(90, 'User', 'User Modified', 'First Name: Vladi<br /> Middle Name: <br /> Last Name: Cortez<br /> Contact Number: 114<br /> Address: TC', '1002', '2024-04-01 15:28:51'),
	(91, 'User', 'User Modified', 'First Name: Kevin<br /> Middle Name: <br /> Last Name: Cortez<br /> Contact Number: 0966546565<br /> Address: TC', '1002', '2024-04-03 16:11:25'),
	(92, 'User', 'User Modified', 'First Name: Kevin<br /> Middle Name: <br /> Last Name: Cortez<br /> Contact Number: 0966546565<br /> Address: TC', '1002', '2024-04-03 16:38:00'),
	(93, 'User', 'User Deleted', 'Time 12<br /> AM/PM PM', '1150', '2024-04-15 10:22:04'),
	(94, 'User', 'User Deleted', 'Time 12<br /> AM/PM AM', '1150', '2024-04-15 10:22:07'),
	(95, 'User', 'User Deleted', 'c_fname: James<br /> c_lname: <br /> email: Hadden<br /> c_contact: 09928522244<br /> address: Talisay City Negros Occidental', '1002', '2024-04-16 14:12:43'),
	(96, 'User', 'User Deleted', 'Time 12:00<br /> AM/PM ', '1159', '2024-04-17 12:11:42'),
	(97, 'User', 'User Modified', 'First Name: Oliver<br /> Middle Name: <br /> Last Name: Oliver<br /> Contact Number: 111<br /> Address: Ab quo et et accusan', '1002', '2024-04-17 12:17:56'),
	(98, 'User', 'User Deleted', 'First Name: Vladi<br /> Middle Name: <br /> Last Name: Cortez<br /> Contact Number: 114<br /> Address: TC', '1002', '2024-09-03 13:55:21'),
	(99, 'User', 'User Deleted', 'First Name: Shelby<br /> Middle Name: <br /> Last Name: Curry<br /> Contact Number: 640<br /> Address: ', '1002', '2024-09-03 13:55:24'),
	(100, 'User', 'User Deleted', 'First Name: Erin<br /> Middle Name: <br /> Last Name: Frazier<br /> Contact Number: 625<br /> Address: BC', '1002', '2024-09-03 13:55:28'),
	(101, 'User', 'User Deleted', 'First Name: James<br /> Middle Name: <br /> Last Name: Haden<br /> Contact Number: 0912321312<br /> Address: Bacolod City', '1002', '2024-09-03 13:55:31'),
	(102, 'User', 'User Deleted', 'First Name: Reynan<br /> Middle Name: <br /> Last Name: Mole<br /> Contact Number: 12321321321<br /> Address: ', '1002', '2024-09-03 13:55:33'),
	(103, 'User', 'User Deleted', 'First Name: Oliver<br /> Middle Name: <br /> Last Name: Oliver<br /> Contact Number: 111<br /> Address: Ab quo et et accusan', '1002', '2024-09-03 13:55:36'),
	(104, 'User', 'User Deleted', 'First Name: Vladimer<br /> Middle Name: <br /> Last Name: Ombi-on<br /> Contact Number: 09669544547<br /> Address: BC', '1002', '2024-09-03 13:55:38'),
	(105, 'User', 'User Deleted', 'First Name: Ronald<br /> Middle Name: <br /> Last Name: Tangguan<br /> Contact Number: 09928522244<br /> Address: ', '1002', '2024-09-03 13:55:41'),
	(106, 'User', 'User Deleted', 'First Name: X<br /> Middle Name: <br /> Last Name: Tian<br /> Contact Number: 09928522244<br /> Address: Bacolod', '1002', '2024-09-03 13:55:44'),
	(107, 'User', 'User Deleted', 'c_fname: Ronald<br /> c_lname: <br /> email: Tangguan<br /> c_contact: 09665034568', '1002', '2024-09-03 13:55:49'),
	(108, 'User', 'User Deleted', 'c_fname: Vladi<br /> c_lname: <br /> email: Cortez<br /> c_contact: 45645654045', '1002', '2024-09-03 13:55:52'),
	(109, 'User', 'User Deleted', 'c_fname: Vladimer<br /> c_lname: <br /> email: Ombi-on<br /> c_contact: 32104554456', '1002', '2024-09-03 13:55:55'),
	(110, 'User', 'User Deleted', 'c_fname: Shelby<br /> c_lname: <br /> email: Curry<br /> c_contact: 09784565405', '1002', '2024-09-03 13:55:58'),
	(111, 'User', 'User Deleted', 'c_fname: Oliver<br /> c_lname: <br /> email: Morris<br /> c_contact: 09564565666', '1002', '2024-09-03 13:56:01'),
	(112, 'User', 'User Deleted', 'c_fname: Erin<br /> c_lname: <br /> email: Frazier<br /> c_contact: 09397765466', '1002', '2024-09-03 13:56:06'),
	(113, 'User', 'User Deleted', 'c_fname: <br /> c_lname: <br /> email: <br /> c_contact: ', '1002', '2024-09-17 09:33:39'),
	(114, 'User', 'User Deleted', 'c_fname: <br /> c_lname: <br /> email: <br /> c_contact: ', '1002', '2024-09-17 09:34:01'),
	(115, 'User', 'User Deleted', 'First Name: Admin<br /> Middle Name: <br /> Last Name: Admin<br /> Contact Number: 09876543210<br /> Address: Lorem ipsum dolor sit amet, consectetur adipiscing elit, sed do eiusmod tempor incididunt ut labore et dolore magna aliqua.', '1002', '2024-09-17 15:45:10'),
	(116, 'User', 'User Deleted', 'First Name: Kevin<br /> Middle Name: <br /> Last Name: Cortez<br /> Contact Number: 0966546565<br /> Address: TC', '1002', '2024-09-17 15:45:24'),
	(117, 'User', 'User Modified', 'First Name: <br /> Middle Name: <br /> Last Name: <br /> Contact Number: <br /> Address: ', '1002', '2024-09-17 15:56:57'),
	(118, 'User', 'User Modified', 'First Name: <br /> Middle Name: <br /> Last Name: <br /> Contact Number: <br /> Address: ', '1002', '2024-09-17 16:01:04'),
	(119, 'User', 'User Modified', 'First Name: <br /> Middle Name: <br /> Last Name: <br /> Contact Number: <br /> Address: ', '1002', '2024-09-17 16:04:07'),
	(120, 'User', 'User Modified', 'First Name: Kevin<br /> Middle Name: <br /> Last Name: Cortez<br /> Contact Number: 0966546565<br /> Address: BC', '1002', '2024-09-17 16:23:01'),
	(121, 'User', 'User Modified', 'First Name: Kevin<br /> Middle Name: <br /> Last Name: Cortez<br /> Contact Number: 0966546565<br /> Address: BC', '1002', '2024-09-17 16:58:24'),
	(122, 'User', 'User Modified', 'First Name: Kevin<br /> Middle Name: <br /> Last Name: Cortez<br /> Contact Number: 0966546565<br /> Address: BC', '1002', '2024-09-17 16:59:43'),
	(123, 'User', 'User Modified', 'First Name: Kevin1<br /> Middle Name: <br /> Last Name: Cortez<br /> Contact Number: 0966546565<br /> Address: BC', '1002', '2024-09-18 09:34:36'),
	(124, 'User', 'User Modified', 'First Name: Kevin<br /> Middle Name: <br /> Last Name: Cortez<br /> Contact Number: 0966546565<br /> Address: BC', '1002', '2024-09-18 10:04:04'),
	(125, 'User', 'User Added', 'First Name: <br /> Middle Name: <br /> Last Name: <br /> Contact Number: <br /> Address: ', '1002', '2024-09-18 10:42:19'),
	(126, 'User', 'User Deleted', 'First Name: <br /> Middle Name: <br /> Last Name: <br /> Contact Number: <br /> Address: ', '1002', '2024-09-18 10:42:21'),
	(127, 'User', 'User Added', 'First Name: <br /> Middle Name: <br /> Last Name: <br /> Contact Number: <br /> Address: ', '1002', '2024-09-18 10:43:25'),
	(128, 'User', 'User Deleted', 'First Name: <br /> Middle Name: <br /> Last Name: <br /> Contact Number: <br /> Address: ', '1002', '2024-09-18 10:43:31'),
	(129, 'User', 'User Added', 'First Name: <br /> Middle Name: <br /> Last Name: <br /> Contact Number: <br /> Address: ', '1002', '2024-09-18 10:49:08'),
	(130, 'User', 'User Deleted', 'First Name: <br /> Middle Name: <br /> Last Name: <br /> Contact Number: <br /> Address: ', '1002', '2024-09-18 10:49:11'),
	(131, 'User', 'User Added', 'First Name: <br /> Middle Name: <br /> Last Name: <br /> Contact Number: <br /> Address: ', '1002', '2024-09-18 10:55:46'),
	(132, 'User', 'User Deleted', 'First Name: <br /> Middle Name: <br /> Last Name: <br /> Contact Number: <br /> Address: ', '1002', '2024-09-18 10:55:49'),
	(133, 'User', 'User Added', 'First Name: asd<br /> Middle Name: <br /> Last Name: <br /> Contact Number: <br /> Address: ', '1002', '2024-09-18 10:56:24'),
	(134, 'User', 'User Deleted', 'First Name: asd<br /> Middle Name: <br /> Last Name: <br /> Contact Number: <br /> Address: ', '1002', '2024-09-18 10:56:29'),
	(135, 'User', 'User Added', 'First Name: Errold<br /> Middle Name: <br /> Last Name: Calvo<br /> Contact Number: 123<br /> Address: BC', '1002', '2024-09-18 11:07:23'),
	(136, 'User', 'User Deleted', 'First Name: Errold<br /> Middle Name: <br /> Last Name: Calvo<br /> Contact Number: 123<br /> Address: BC', '1002', '2024-09-18 11:11:40'),
	(137, 'User', 'User Modified', 'First Name: Errold<br /> Middle Name: <br /> Last Name: Calvo<br /> Contact Number: 123<br /> Address: BC', '1002', '2024-09-18 11:15:14'),
	(138, 'User', 'User Deleted', 'First Name: Errold<br /> Middle Name: <br /> Last Name: Calvo<br /> Contact Number: 123<br /> Address: BC', '1002', '2024-09-18 11:26:04'),
	(139, 'User', 'User Added', 'First Name: Errold<br /> Middle Name: <br /> Last Name: Calvo<br /> Contact Number: 123<br /> Address: BC', '1002', '2024-09-18 11:26:25'),
	(140, '0', '', 'Client Hadden1 Abarisia2 modified.', '1002', '2024-10-08 15:58:30'),
	(141, '0', '', 'Client Hadden Abarisia modified.', '1002', '2024-10-08 15:59:28'),
	(142, '0', '', 'Client Hadden1 Abarisia1 modified.', '1002', '2024-10-08 16:00:29'),
	(143, '0', '', 'Client Hadden Abarisia modified.', '1002', '2024-10-08 16:00:34');
/*!40000 ALTER TABLE `tr_log` ENABLE KEYS */;

-- Dumping structure for table db_onehome.tr_login_attempt
CREATE TABLE IF NOT EXISTS `tr_login_attempt` (
  `id` int(10) NOT NULL AUTO_INCREMENT,
  `rand` int(10) NOT NULL,
  `ip` varchar(250) NOT NULL,
  `username` varchar(250) NOT NULL,
  `password` varchar(250) NOT NULL,
  `status` int(10) NOT NULL,
  `auth` int(10) NOT NULL,
  `datetime` datetime NOT NULL DEFAULT '0000-00-00 00:00:00',
  `idnumber` varchar(100) NOT NULL,
  PRIMARY KEY (`id`)
) ENGINE=MyISAM AUTO_INCREMENT=694 DEFAULT CHARSET=latin1 COLLATE=latin1_swedish_ci;

-- Dumping data for table db_onehome.tr_login_attempt: 693 rows
/*!40000 ALTER TABLE `tr_login_attempt` DISABLE KEYS */;
INSERT INTO `tr_login_attempt` (`id`, `rand`, `ip`, `username`, `password`, `status`, `auth`, `datetime`, `idnumber`) VALUES
	(1, 6010, '::1', 'admin', 'admin', 0, 0, '2023-05-29 13:19:33', ''),
	(2, 4973, '::1', 'admin', 'admin', 0, 0, '2023-06-06 09:39:10', ''),
	(3, 2496, '::1', 'admin', 'admin', 0, 0, '2023-08-01 14:18:39', ''),
	(4, 2897, '::1', 'admin', 'admin', 0, 0, '2023-08-01 14:22:17', ''),
	(5, 6736, '::1', 'admin', 'admin', 0, 0, '2023-08-02 10:56:29', ''),
	(6, 2120, '::1', 'admin', 'admin', 0, 0, '2023-08-03 10:12:57', ''),
	(7, 6699, '::1', 'admin', 'admin', 0, 0, '2023-08-03 11:26:09', ''),
	(8, 7987, '::1', 'admin', 'admin', 0, 0, '2023-08-03 11:26:09', ''),
	(9, 4880, '::1', 'admin', 'admin', 0, 0, '2023-08-03 11:30:17', ''),
	(10, 3059, '::1', 'admin', 'admin', 0, 0, '2023-08-03 14:10:10', ''),
	(11, 4809, '::1', 'admin', 'admin', 0, 0, '2023-08-03 14:38:19', ''),
	(12, 7063, '::1', 'admin', 'admin', 0, 0, '2023-08-04 10:20:04', ''),
	(13, 6933, '::1', 'admin', 'admin', 0, 0, '2023-08-04 10:25:25', ''),
	(14, 6020, '::1', 'admin', 'admin', 0, 0, '2023-08-04 13:49:18', ''),
	(15, 1392, '::1', 'admin', 'admin', 0, 0, '2023-08-07 13:46:52', ''),
	(16, 6852, '::1', 'admin', 'admin', 0, 0, '2023-08-08 09:27:32', ''),
	(17, 1957, '::1', 'admin', 'admin', 0, 0, '2023-08-08 13:27:51', ''),
	(18, 4734, '::1', 'admin', 'admin', 0, 0, '2023-08-10 12:00:23', ''),
	(19, 6372, '::1', 'admin', 'admin', 0, 0, '2023-08-11 09:26:26', ''),
	(20, 6632, '::1', 'admin', 'admin', 0, 0, '2023-08-11 10:49:20', ''),
	(21, 5632, '::1', 'admin', 'admin', 0, 0, '2023-08-14 09:21:22', ''),
	(22, 7938, '::1', 'admin', 'admin', 0, 0, '2023-08-14 13:04:47', ''),
	(23, 7663, '::1', 'admin', 'admin', 0, 0, '2023-08-15 09:32:39', ''),
	(24, 5828, '::1', 'admin', 'admin', 0, 0, '2023-08-16 09:40:53', ''),
	(25, 8237, '::1', 'admin', 'admin', 0, 0, '2023-08-16 10:05:24', ''),
	(26, 2143, '::1', 'admin', 'admin', 0, 0, '2023-08-16 12:56:17', ''),
	(27, 8067, '::1', 'admin', 'admin', 0, 0, '2023-08-16 17:37:16', ''),
	(28, 5877, '::1', 'admin', 'admin', 0, 0, '2023-08-17 10:02:53', ''),
	(29, 5191, '::1', 'admin', 'admin', 0, 0, '2023-08-18 09:50:03', ''),
	(30, 1330, '::1', 'admin', 'admin', 0, 0, '2023-08-22 09:27:18', ''),
	(31, 2674, '::1', 'admin', 'admin', 0, 0, '2023-08-23 09:22:56', ''),
	(32, 5359, '::1', 'admin', 'admin', 0, 0, '2023-08-30 15:39:40', ''),
	(33, 4068, '::1', 'admin', 'admin', 0, 0, '2023-08-31 08:39:44', ''),
	(34, 3367, '::1', 'admin', 'admin', 0, 0, '2023-09-04 11:39:47', ''),
	(35, 3101, '::1', 'admin', 'adminn', 0, 1, '0000-00-00 00:00:00', ''),
	(36, 7093, '::1', 'admin', 'admin', 0, 0, '2023-09-05 09:13:18', ''),
	(37, 5252, '::1', 'admin', 'admin', 0, 0, '2024-02-21 08:51:50', ''),
	(38, 8829, '::1', 'admin', 'admin', 0, 0, '2024-02-21 16:54:48', ''),
	(39, 1729, '::1', 'admin', 'admin', 0, 0, '2024-02-22 13:03:12', ''),
	(40, 5060, '::1', 'admin', 'admin', 0, 0, '2024-02-22 14:45:56', ''),
	(41, 8131, '::1', 'admin', 'admin', 0, 0, '2024-02-22 14:52:20', ''),
	(42, 7016, '::1', 'admin', 'admin', 0, 0, '2024-02-22 14:53:02', ''),
	(43, 3525, '::1', 'admin', 'admin', 0, 0, '2024-02-22 14:54:45', ''),
	(44, 1327, '::1', 'admin', 'admin', 0, 0, '2024-02-22 16:12:05', ''),
	(45, 5721, '::1', 'admin', 'admin', 0, 0, '2024-02-22 16:19:55', ''),
	(46, 1885, '::1', 'admin', 'admin', 0, 0, '2024-02-23 09:10:30', ''),
	(47, 0, '', '', '', 0, 0, '2024-02-23 09:29:55', ''),
	(48, 0, '', '', '', 0, 0, '2024-02-23 09:30:30', ''),
	(49, 0, '', '', '', 0, 0, '2024-02-23 09:30:33', ''),
	(50, 0, '', '', '', 0, 0, '2024-02-23 09:30:53', ''),
	(51, 0, '', '', '', 0, 0, '2024-02-23 09:31:16', ''),
	(52, 0, '', 'admin', 'admin', 0, 0, '2024-02-23 10:31:00', ''),
	(53, 0, '', 'admin', 'admin', 0, 0, '2024-02-23 10:31:36', ''),
	(54, 0, '', 'adsa', 'asdsa', 0, 0, '2024-02-23 10:32:35', ''),
	(55, 0, '', 'admin', 'asdsa', 0, 0, '2024-02-23 10:33:37', ''),
	(56, 0, '', 'admin', 'admin', 0, 0, '2024-02-23 10:37:13', ''),
	(57, 2454, '::1', 'admin', 'admin', 0, 0, '2024-02-23 11:05:31', ''),
	(58, 0, '', 'admin', '1232', 0, 0, '2024-02-23 11:05:53', ''),
	(59, 0, '', 'admin', 'admin', 0, 0, '2024-02-23 11:05:58', ''),
	(60, 0, '', '', '', 0, 0, '2024-02-23 11:07:36', ''),
	(61, 0, '', 'admin2', 'admin', 0, 0, '2024-02-23 11:08:44', ''),
	(62, 0, '', 'admin', 'admin', 0, 0, '2024-02-23 11:11:33', ''),
	(63, 0, '', 'admin', 'admin', 0, 0, '2024-02-23 11:12:46', ''),
	(64, 0, '', 'admin', '32', 0, 0, '2024-02-23 11:22:08', ''),
	(65, 0, '', 'admin', 'admin', 0, 0, '2024-02-23 11:22:30', ''),
	(66, 0, '', 'admin', 'admin', 0, 0, '2024-02-23 11:34:53', ''),
	(67, 2016, '::1', '', 'sadsa', 0, 1, '2024-02-23 11:35:38', ''),
	(68, 3139, '::1', '', 'asdsa', 0, 1, '2024-02-23 11:36:31', ''),
	(69, 0, '', 'admin', 'admin', 0, 0, '2024-02-23 11:52:39', ''),
	(70, 0, '', 'admin', 'admin', 0, 0, '2024-02-23 13:37:59', ''),
	(71, 4895, '::1', 'admin', 'admin', 0, 0, '2024-02-23 16:26:38', ''),
	(72, 5397, '::1', 'admin', 'admin', 0, 0, '2024-02-23 16:27:04', ''),
	(73, 5151, '::1', 'admin', 'admin', 0, 0, '2024-02-23 16:27:21', ''),
	(74, 2055, '::1', 'admin', 'admin', 0, 0, '2024-02-23 16:28:02', ''),
	(75, 5178, '::1', 'admin', 'admin', 0, 0, '2024-02-23 16:28:11', ''),
	(76, 3570, '::1', 'admin', 'admin', 0, 0, '2024-02-23 16:29:36', ''),
	(77, 7125, '::1', 'admin', 'admin', 0, 0, '2024-02-23 16:30:34', ''),
	(78, 2117, '::1', 'admin', 'admin', 0, 0, '2024-02-23 16:36:33', ''),
	(79, 6352, '::1', 'admin', 'admin', 0, 0, '2024-02-23 16:40:00', ''),
	(80, 1085, '::1', 'admin', 'admin', 0, 0, '2024-02-23 16:50:41', ''),
	(81, 8790, '::1', 'admin', 'admin', 0, 0, '2024-02-26 09:16:53', ''),
	(82, 7492, '::1', 'admin', 'admin', 0, 0, '2024-02-26 09:17:40', ''),
	(83, 7492, '::1', 'admin', 'admin', 0, 1, '2024-02-26 09:17:40', ''),
	(84, 3643, '::1', 'admin', 'admin', 0, 0, '2024-02-26 09:17:43', ''),
	(85, 3643, '::1', 'admin', 'admin', 0, 1, '2024-02-26 09:17:43', ''),
	(86, 1948, '::1', 'admin', 'admin', 0, 0, '2024-02-26 09:17:46', ''),
	(87, 1948, '::1', 'admin', 'admin', 0, 1, '2024-02-26 09:17:46', ''),
	(88, 7943, '::1', 'admin', 'admin', 0, 0, '2024-02-26 09:18:07', ''),
	(89, 7943, '::1', 'admin', 'admin', 0, 1, '2024-02-26 09:18:07', ''),
	(90, 6656, '::1', 'admin', 'admin', 0, 0, '2024-02-26 09:18:09', ''),
	(91, 6656, '::1', 'admin', 'admin', 0, 1, '2024-02-26 09:18:09', ''),
	(92, 1831, '::1', 'admin', 'admin', 0, 0, '2024-02-26 09:18:12', ''),
	(93, 7307, '::1', 'admin', 'admin', 0, 0, '2024-02-26 09:19:56', ''),
	(94, 8382, '::1', 'admin', 'admin', 0, 0, '2024-02-26 09:20:00', ''),
	(95, 5230, '::1', 'admin', 'admin', 0, 0, '2024-02-26 09:20:06', ''),
	(96, 7228, '::1', 'admin', 'admin', 0, 0, '2024-02-26 09:20:18', ''),
	(97, 4066, '::1', 'admin', 'admin', 0, 0, '2024-02-26 09:20:43', ''),
	(98, 2039, '::1', 'admin', 'admin', 0, 0, '2024-02-26 09:21:02', ''),
	(99, 7213, '::1', 'ronald', 'admin', 0, 1, '2024-02-26 09:23:27', ''),
	(100, 8748, '::1', 'admin', 'admin', 0, 0, '2024-02-26 09:23:33', ''),
	(101, 6657, '::1', 'admin', '123', 0, 1, '2024-02-26 09:26:01', ''),
	(102, 5698, '::1', 'admin', '123', 0, 1, '2024-02-26 09:27:04', ''),
	(103, 6065, '::1', 'admin', '12312321', 0, 1, '2024-02-26 09:27:08', ''),
	(104, 4711, '::1', 'admin', 'admin', 0, 0, '2024-02-26 09:27:45', ''),
	(105, 1972, '::1', 'admin', 'asdas', 0, 1, '2024-02-26 09:28:02', ''),
	(106, 4676, '::1', 'admin', 'admin', 0, 0, '2024-02-26 09:28:05', ''),
	(107, 3059, '::1', 'admin', 'admin', 0, 0, '2024-02-26 09:32:41', ''),
	(108, 3132, '::1', 'admin', 'admin', 0, 0, '2024-02-26 09:32:49', ''),
	(109, 4392, '::1', 'kevin', 'admin', 0, 1, '2024-02-26 09:32:56', ''),
	(110, 7150, '::1', 'Ronald', 'admin', 0, 1, '2024-02-26 09:33:01', ''),
	(111, 7307, '::1', 'admin', 'admin', 0, 0, '2024-02-26 09:33:04', ''),
	(112, 3199, '::1', 'admin', 'admin', 0, 0, '2024-02-26 09:34:42', ''),
	(113, 6340, '::1', 'admin', 'admin', 0, 0, '2024-02-26 09:34:49', ''),
	(114, 1550, '::1', 'admin', 'admin', 0, 0, '2024-02-26 10:00:50', ''),
	(115, 1296, '::1', 'admin', '123', 0, 1, '2024-02-26 10:00:57', ''),
	(116, 6815, '::1', 'admin', '123123', 0, 1, '2024-02-26 10:01:05', ''),
	(117, 1378, '::1', 'admin', 'admin', 0, 0, '2024-02-26 10:01:49', ''),
	(118, 5190, '::1', 'ronald', 'ronald', 0, 1, '2024-02-26 10:08:57', ''),
	(119, 2074, '::1', 'admin', 'admin', 0, 0, '2024-02-26 10:09:22', ''),
	(120, 3811, '::1', 'Ronald', '123', 0, 1, '2024-02-26 10:09:59', ''),
	(121, 3420, '::1', 'ronald', 'ronald', 0, 1, '2024-02-26 10:10:02', ''),
	(122, 5873, '::1', 'kevin', 'kevin', 0, 1, '2024-02-26 10:12:43', ''),
	(123, 2800, '::1', 'ronald', 'ronald', 0, 1, '2024-02-26 10:14:45', ''),
	(124, 2237, '::1', 'vladi', 'vladi', 0, 1, '2024-02-26 10:14:48', ''),
	(125, 1998, '::1', 'admin', 'admin', 0, 0, '2024-02-26 15:47:16', ''),
	(126, 1881, '::1', 'admin', 'admin', 0, 0, '2024-02-26 15:50:25', ''),
	(127, 8547, '::1', 'admin', 'admin', 0, 0, '2024-02-26 15:51:48', ''),
	(128, 2678, '::1', 'admin', 'admin', 0, 0, '2024-02-26 15:53:29', ''),
	(129, 1729, '::1', 'admin', 'admin', 0, 0, '2024-02-26 15:58:46', ''),
	(130, 8705, '::1', 'admin', 'amdin', 0, 1, '2024-02-26 16:00:20', ''),
	(131, 3148, '::1', 'admin', 'amdin', 0, 1, '2024-02-26 16:01:43', ''),
	(132, 1449, '::1', 'admin', 'amdin', 0, 1, '2024-02-26 16:03:02', ''),
	(133, 5565, '::1', 'admin', 'admin', 0, 0, '2024-02-26 16:03:10', ''),
	(134, 6878, '::1', 'admin', 'admin', 0, 0, '2024-02-26 16:07:42', ''),
	(135, 7859, '::1', 'admin', 'admin', 0, 0, '2024-02-26 16:07:47', ''),
	(136, 1983, '::1', 'admin', 'admin', 0, 0, '2024-02-26 16:08:01', ''),
	(137, 6355, '::1', 'admin', 'admin', 0, 0, '2024-02-26 16:08:07', ''),
	(138, 8565, '::1', 'admin', 'admin', 0, 0, '2024-02-26 16:08:32', ''),
	(139, 2306, '::1', 'admin', 'admin', 0, 0, '2024-02-26 16:08:36', ''),
	(140, 2721, '::1', 'admin', 'admin', 0, 0, '2024-02-26 16:08:51', ''),
	(141, 1260, '::1', 'admin', 'admin', 0, 0, '2024-02-26 16:08:57', ''),
	(142, 3190, '::1', 'admin', 'admin', 0, 0, '2024-02-26 16:10:03', ''),
	(143, 2125, '::1', 'admin', 'admin', 0, 0, '2024-02-26 16:10:07', ''),
	(144, 5081, '::1', 'admin', 'admin', 0, 0, '2024-02-26 16:12:52', ''),
	(145, 7799, '::1', 'admin', 'admin', 0, 0, '2024-02-26 16:13:11', ''),
	(146, 2675, '::1', 'admi', 'admin', 0, 1, '2024-02-26 16:13:29', ''),
	(147, 7412, '::1', 'admin', 'admin', 0, 0, '2024-02-26 16:13:33', ''),
	(148, 8909, '::1', 'admin', 'admin', 0, 0, '2024-02-26 16:17:42', ''),
	(149, 4921, '::1', 'admin', 'admin', 0, 0, '2024-02-26 16:17:46', ''),
	(150, 7079, '::1', 'admin', 'admin', 0, 0, '2024-02-26 16:17:54', ''),
	(151, 3584, '::1', 'admin', 'admin', 0, 0, '2024-02-26 16:18:02', ''),
	(152, 1997, '::1', 'admin', 'admin', 0, 0, '2024-02-26 16:19:32', ''),
	(153, 5526, '::1', 'admin', 'admin', 0, 0, '2024-02-26 16:22:38', ''),
	(154, 7957, '::1', 'admin', 'admin', 0, 0, '2024-02-26 16:22:51', ''),
	(155, 5002, '::1', 'admin', 'admin', 0, 0, '2024-02-26 16:26:14', ''),
	(156, 4498, '::1', 'admin', 'admin', 0, 0, '2024-02-26 16:26:20', ''),
	(157, 6728, '::1', 'admin', 'admin', 0, 0, '2024-02-26 16:26:51', ''),
	(158, 8778, '::1', 'admin', 'admin', 0, 0, '2024-02-26 16:27:53', ''),
	(159, 2411, '::1', 'admin', 'admin', 0, 0, '2024-02-26 16:28:55', ''),
	(160, 1983, '::1', 'admin', 'admin', 0, 0, '2024-02-26 16:29:10', ''),
	(161, 5853, '::1', 'admin', 'admin', 0, 0, '2024-02-26 16:29:15', ''),
	(162, 4878, '::1', 'admin', 'adin', 0, 1, '2024-02-26 16:46:16', ''),
	(163, 3788, '::1', 'admin', 'adin', 0, 1, '2024-02-26 16:46:23', ''),
	(164, 2328, '::1', 'admin', 'admin', 0, 0, '2024-02-26 16:46:27', ''),
	(165, 8065, '::1', 'admin', 'admin', 0, 0, '2024-02-26 16:57:17', ''),
	(166, 7534, '::1', 'admin', 'admin', 0, 0, '2024-02-27 09:14:51', ''),
	(167, 4861, '::1', 'admin', 'admin', 0, 0, '2024-02-27 15:38:59', ''),
	(168, 6617, '::1', 'admin', 'admin', 0, 0, '2024-02-27 15:45:26', ''),
	(169, 3287, '::1', 'admin', 'admin', 0, 0, '2024-02-27 15:45:43', ''),
	(170, 6475, '::1', 'admin', 'admin', 0, 0, '2024-02-27 15:45:55', ''),
	(171, 7396, '::1', 'qwer', '123', 0, 0, '2024-02-27 17:02:03', ''),
	(172, 7253, '::1', 'qwer', '123', 0, 0, '2024-02-27 17:03:06', ''),
	(173, 3810, '::1', 'admin', 'admin', 0, 0, '2024-02-27 17:03:19', ''),
	(174, 6340, '::1', 'admin', 'admin', 0, 0, '2024-02-28 09:13:04', ''),
	(175, 4067, '::1', 'admin', 'admin', 0, 0, '2024-02-28 10:36:52', ''),
	(176, 3151, '::1', 'admin', 'admin', 0, 0, '2024-02-28 10:52:16', ''),
	(177, 4949, '::1', 'admin', 'admin', 0, 0, '2024-02-28 11:36:29', ''),
	(178, 3315, '::1', 'admin', 'admin', 0, 0, '2024-02-28 11:37:48', ''),
	(179, 7968, '::1', 'admin', 'admin', 0, 0, '2024-02-28 11:43:29', ''),
	(180, 4920, '::1', 'admin', 'admin', 0, 0, '2024-02-28 14:02:30', ''),
	(181, 4761, '::1', 'Kevin', '1234', 0, 0, '2024-02-28 14:21:33', ''),
	(182, 1625, '::1', 'Kevin', 'admin', 0, 1, '2024-02-28 14:25:25', ''),
	(183, 2580, '::1', 'Kevin', '123', 0, 1, '2024-02-28 14:25:31', ''),
	(184, 3952, '::1', 'Kevin', '1234', 0, 0, '2024-02-28 14:25:35', ''),
	(185, 5650, '::1', 'admin', 'admin', 0, 1, '2024-02-28 14:36:25', ''),
	(186, 1271, '::1', 'admin', 'admin', 0, 1, '2024-02-28 14:36:28', ''),
	(187, 5070, '::1', 'Kevin', 'admin', 0, 1, '2024-02-28 14:36:32', ''),
	(188, 3485, '::1', 'admin', 'admin', 0, 1, '2024-02-28 14:36:39', ''),
	(189, 8039, '::1', 'Kevin', 'admin', 0, 1, '2024-02-28 14:36:52', ''),
	(190, 8462, '::1', 'admin', '1234', 0, 0, '2024-02-28 14:37:05', ''),
	(191, 2213, '::1', 'admin', 'admin', 0, 1, '2024-02-28 14:37:21', ''),
	(192, 2993, '::1', 'Admin', 'admin', 0, 1, '2024-02-28 14:37:24', ''),
	(193, 1041, '::1', 'admin', 'admin', 0, 1, '2024-02-28 14:37:42', ''),
	(194, 2060, '::1', 'Kevin', 'admin', 0, 1, '2024-02-28 14:37:54', ''),
	(195, 3694, '::1', 'admin', 'admin', 0, 1, '2024-02-28 14:37:58', ''),
	(196, 2375, '::1', 'Admin', 'admin', 0, 1, '2024-02-28 14:38:00', ''),
	(197, 1065, '::1', 'Admin', 'admin', 0, 1, '2024-02-28 14:38:33', ''),
	(198, 7425, '::1', 'Admin', 'admin', 0, 1, '2024-02-28 14:38:46', ''),
	(199, 3285, '::1', 'admin', 'admin', 0, 1, '2024-02-28 14:38:59', ''),
	(200, 6082, '::1', 'Kevin', 'admin', 0, 1, '2024-02-28 14:39:02', ''),
	(201, 8722, '::1', 'admin', 'admin', 0, 1, '2024-02-28 14:39:24', ''),
	(202, 4747, '::1', 'admin', 'admin', 0, 1, '2024-02-28 14:40:44', ''),
	(203, 2063, '::1', 'admin', 'admin', 0, 1, '2024-02-28 14:40:47', ''),
	(204, 1445, '::1', 'admin', 'admin', 0, 1, '2024-02-28 14:41:28', ''),
	(205, 7281, '::1', 'Kevin', 'admin', 0, 1, '2024-02-28 14:41:32', ''),
	(206, 5832, '::1', 'finipyxime', 'Pa$$w0rd!', 0, 0, '2024-02-28 14:41:41', ''),
	(207, 2761, '::1', 'admin', 'admin', 0, 1, '2024-02-28 14:42:35', ''),
	(208, 5167, '::1', 'admin', 'admin', 0, 1, '2024-02-28 14:42:43', ''),
	(209, 7988, '::1', 'admin', 'admin', 0, 1, '2024-02-28 14:43:30', ''),
	(210, 3083, '::1', 'admin', 'admin', 0, 1, '2024-02-28 14:43:35', ''),
	(211, 8168, '::1', 'ronald', '12345', 0, 0, '2024-02-28 14:44:36', ''),
	(212, 5802, '::1', 'admin', 'admin', 0, 1, '2024-02-28 14:55:58', ''),
	(213, 3044, '::1', 'ronald', '12345', 0, 0, '2024-02-28 14:58:23', ''),
	(214, 5070, '::1', 'admin', 'admin', 0, 1, '2024-02-28 15:06:36', ''),
	(215, 8888, '::1', 'Ronald', 'admin', 0, 1, '2024-02-28 15:06:39', ''),
	(216, 1856, '::1', 'ronald', '1234', 0, 1, '2024-02-28 15:06:43', ''),
	(217, 8094, '::1', 'admin', 'admin', 0, 1, '2024-02-28 15:07:23', ''),
	(218, 2922, '::1', 'ronald', '12345', 0, 0, '2024-02-28 15:07:29', ''),
	(219, 7356, '::1', 'admin', 'admin', 0, 0, '2024-02-28 15:14:59', ''),
	(220, 2479, '::1', 'olympia', '1234', 0, 0, '2024-02-28 15:17:12', ''),
	(221, 7529, '::1', 'ronald', '12345', 0, 0, '2024-02-28 15:25:08', ''),
	(222, 4361, '::1', 'admin', 'admin', 0, 0, '2024-02-29 09:07:16', ''),
	(223, 7355, '::1', 'admin', 'admin', 0, 0, '2024-02-29 15:39:05', ''),
	(224, 4235, '::1', 'admin', 'admin', 0, 0, '2024-02-29 15:40:26', ''),
	(225, 1971, '::1', 'admin', 'admin', 0, 0, '2024-02-29 15:40:43', ''),
	(226, 3912, '::1', 'admin', 'admin', 0, 0, '2024-02-29 15:44:49', ''),
	(227, 8904, '::1', 'admin', 'admin', 0, 0, '2024-02-29 15:46:07', ''),
	(228, 6370, '::1', 'admin', 'admin', 0, 0, '2024-02-29 16:01:39', ''),
	(229, 1818, '::1', 'admin', 'admin', 0, 0, '2024-02-29 16:02:17', ''),
	(230, 6132, '::1', 'admin', 'admin', 0, 0, '2024-02-29 16:03:02', ''),
	(231, 8871, '::1', 'admin', 'admin', 0, 0, '2024-02-29 16:03:34', ''),
	(232, 3422, '::1', 'admin', 'admin', 0, 0, '2024-02-29 16:04:45', ''),
	(233, 4833, '::1', 'admin', 'admin', 0, 0, '2024-03-01 09:32:17', ''),
	(234, 8473, '::1', 'admin', 'admin', 0, 0, '2024-03-01 09:32:30', ''),
	(235, 3329, '::1', 'admin', 'admin', 0, 0, '2024-03-01 13:11:56', ''),
	(236, 6532, '::1', 'admin', 'admin', 0, 0, '2024-03-01 13:12:08', ''),
	(237, 7309, '::1', 'admin', 'admin', 0, 0, '2024-03-01 13:23:39', ''),
	(238, 6983, '::1', 'admin', 'admin', 0, 0, '2024-03-04 08:57:53', ''),
	(239, 8995, '::1', 'admin', 'admin', 0, 0, '2024-03-04 11:46:40', ''),
	(240, 1683, '::1', 'admin', 'admin', 0, 0, '2024-03-04 13:33:00', ''),
	(241, 7902, '::1', 'admin', 'admin', 0, 0, '2024-03-04 15:34:11', ''),
	(242, 6581, '::1', 'admin', 'admin', 0, 0, '2024-03-05 09:34:44', ''),
	(243, 3231, '::1', 'admin', 'admin', 0, 0, '2024-03-06 10:56:19', ''),
	(244, 6222, '::1', 'admin', 'admin', 0, 0, '2024-03-07 08:51:52', ''),
	(245, 7804, '::1', 'admin', 'admin', 0, 0, '2024-03-07 15:39:08', ''),
	(246, 6656, '::1', 'admin', 'admin', 0, 0, '2024-03-07 15:46:43', ''),
	(247, 5019, '::1', 'admin', 'admin', 0, 0, '2024-03-07 16:40:08', ''),
	(248, 5371, '::1', 'kevin', '1234', 0, 0, '2024-03-07 16:42:13', ''),
	(249, 4941, '::1', 'admin', 'admin', 0, 0, '2024-03-07 16:43:39', ''),
	(250, 5172, '::1', 'admin', 'admin', 0, 0, '2024-03-08 08:56:16', ''),
	(251, 4403, '::1', 'admin', 'admin', 0, 0, '2024-03-08 14:30:41', ''),
	(252, 1485, '::1', 'kevin', '1234', 0, 0, '2024-03-08 15:27:17', ''),
	(253, 5757, '::1', 'admin', 'admin', 0, 0, '2024-03-08 15:30:21', ''),
	(254, 4773, '::1', 'admin', 'admin', 0, 0, '2024-03-11 09:13:59', ''),
	(255, 1765, '::1', 'kevin', '1234', 0, 0, '2024-03-11 10:18:32', ''),
	(256, 6877, '::1', 'admin', 'admin', 0, 0, '2024-03-11 10:18:45', ''),
	(257, 3334, '::1', 'kevin', '1234', 0, 0, '2024-03-11 10:22:00', ''),
	(258, 2155, '::1', 'admin', 'admin', 0, 0, '2024-03-11 10:23:03', ''),
	(259, 6786, '::1', 'kevin', '1234', 0, 0, '2024-03-11 10:34:28', ''),
	(260, 2479, '::1', 'admin', 'admin', 0, 0, '2024-03-11 14:39:57', ''),
	(261, 8820, '::1', 'ronald', 'admin', 0, 1, '2024-03-11 14:42:56', ''),
	(262, 8679, '::1', 'admin', 'admin', 0, 0, '2024-03-11 14:43:23', ''),
	(263, 4014, '::1', 'vladimer', '1234', 0, 0, '2024-03-11 14:43:56', ''),
	(264, 1483, '::1', 'admin', 'admin', 0, 0, '2024-03-11 14:47:15', ''),
	(265, 4712, '::1', 'kevin', '1234', 0, 0, '2024-03-11 15:06:37', ''),
	(266, 8927, '::1', 'admin', 'admin', 0, 0, '2024-03-11 15:12:49', ''),
	(267, 6933, '::1', 'kevin', '1234', 0, 0, '2024-03-11 15:17:38', ''),
	(268, 8825, '::1', 'admin', 'admin', 0, 0, '2024-03-11 15:22:44', ''),
	(269, 5892, '::1', 'kevin', '1234', 0, 0, '2024-03-11 16:13:42', ''),
	(270, 8634, '::1', 'admin', 'admin', 0, 0, '2024-03-11 16:18:44', ''),
	(271, 1837, '::1', 'odette', '1234', 0, 1, '2024-03-11 16:29:27', ''),
	(272, 6856, '::1', 'Odette', '1234', 0, 1, '2024-03-11 16:29:34', ''),
	(273, 4199, '::1', 'Romeo', '1234', 0, 1, '2024-03-11 16:29:50', ''),
	(274, 5953, '::1', 'Romeo', '1234', 0, 1, '2024-03-11 16:30:12', ''),
	(275, 5918, '::1', 'admin', 'admin', 0, 0, '2024-03-11 16:30:20', ''),
	(276, 4879, '::1', 'admin', 'admin', 0, 0, '2024-03-11 16:33:31', ''),
	(277, 7803, '::1', 'Oliver', '1234', 0, 0, '2024-03-11 16:41:01', ''),
	(278, 7656, '::1', 'Oliver', '1234', 0, 0, '2024-03-11 16:41:39', ''),
	(279, 8525, '::1', 'admin', 'admin', 0, 0, '2024-03-11 16:41:49', ''),
	(280, 8842, '::1', 'Oliver', '1234', 0, 0, '2024-03-11 16:42:31', ''),
	(281, 5365, '::1', 'admin', 'admin', 0, 0, '2024-03-11 16:55:49', ''),
	(282, 5689, '::1', 'oliver', '1234', 0, 0, '2024-03-11 17:00:50', ''),
	(283, 1847, '::1', 'admin', 'admin', 0, 0, '2024-03-11 17:02:54', ''),
	(284, 4768, '::1', 'oliver', '1234', 0, 0, '2024-03-11 17:03:32', ''),
	(285, 4557, '::1', 'admin', 'admin', 0, 0, '2024-03-11 17:05:02', ''),
	(286, 8424, '::1', 'admin', 'admin', 0, 0, '2024-03-12 09:22:43', ''),
	(287, 4798, '::1', 'kevin', '1234', 0, 0, '2024-03-12 10:09:43', ''),
	(288, 1896, '::1', 'kevin', '1234', 0, 0, '2024-03-12 16:09:42', ''),
	(289, 8130, '::1', 'admin', 'admin', 0, 0, '2024-03-13 08:17:34', ''),
	(290, 6927, '::1', 'kevin', '1234', 0, 0, '2024-03-13 08:54:40', ''),
	(291, 5137, '::1', 'Oliver', 'Oliver', 0, 1, '2024-03-13 10:37:17', ''),
	(292, 8626, '::1', 'Oliver', 'Oliver', 0, 1, '2024-03-13 10:37:23', ''),
	(293, 5114, '::1', 'oliver', 'oliver', 0, 1, '2024-03-13 10:37:26', ''),
	(294, 4871, '::1', 'oliver', '1234', 0, 0, '2024-03-13 10:37:30', ''),
	(295, 6442, '::1', 'admin', 'admin', 0, 0, '2024-03-13 13:53:17', ''),
	(296, 6205, '::1', 'admin', 'admin', 0, 0, '2024-03-13 13:58:56', ''),
	(297, 2419, '::1', 'kevin', '1234', 0, 0, '2024-03-13 15:49:58', ''),
	(298, 4308, '::1', 'admin', 'admin', 0, 0, '2024-03-13 16:53:27', ''),
	(299, 7409, '::1', 'admin', 'admin', 0, 0, '2024-03-13 16:54:07', ''),
	(300, 8891, '::1', 'admin', 'admin', 0, 0, '2024-03-14 09:08:27', ''),
	(301, 4965, '::1', 'kevin', '2134', 0, 1, '2024-03-14 09:08:58', ''),
	(302, 6216, '::1', 'kevin', '1234', 0, 0, '2024-03-14 09:09:02', ''),
	(303, 2945, '::1', 'admin', 'admin', 0, 0, '2024-03-14 11:37:44', ''),
	(304, 6880, '::1', 'kevin', '1234', 0, 0, '2024-03-14 11:42:16', ''),
	(305, 4378, '::1', 'kevin', '1234', 0, 0, '2024-03-14 13:15:15', ''),
	(306, 3567, '::1', 'oliver', 'oliver', 0, 1, '2024-03-14 14:59:58', ''),
	(307, 4822, '::1', 'oliver', '1234', 0, 0, '2024-03-14 15:00:01', ''),
	(308, 4058, '::1', 'admin', 'admin', 0, 0, '2024-03-14 15:00:13', ''),
	(309, 2751, '::1', 'oliver', '1234', 0, 0, '2024-03-14 15:01:06', ''),
	(310, 8427, '::1', 'kevin', '1234', 0, 0, '2024-03-14 15:42:28', ''),
	(311, 8870, '::1', 'oliver', '1234', 0, 0, '2024-03-14 16:00:30', ''),
	(312, 2622, '::1', 'vladi', '1234', 0, 1, '2024-03-14 16:05:55', ''),
	(313, 3557, '::1', 'vladimer', '1234', 0, 0, '2024-03-14 16:05:58', ''),
	(314, 3140, '::1', 'kevin', '1234', 0, 0, '2024-03-14 16:06:15', ''),
	(315, 2145, '::1', 'kevin', '1234', 0, 0, '2024-03-15 09:04:58', ''),
	(316, 3567, '::1', 'oliver', '2134', 0, 1, '2024-03-15 09:05:45', ''),
	(317, 5825, '::1', 'oliver', 'oliver', 0, 1, '2024-03-15 09:05:48', ''),
	(318, 1599, '::1', 'oliver', 'oliver', 0, 1, '2024-03-15 09:05:53', ''),
	(319, 6907, '::1', 'oliver', 'oliver', 0, 1, '2024-03-15 09:06:07', ''),
	(320, 6744, '::1', 'oliver', '1234', 0, 0, '2024-03-15 09:06:11', ''),
	(321, 8716, '::1', 'admin', 'admin', 0, 0, '2024-03-15 09:14:25', ''),
	(322, 8207, '::1', 'kevin', '1234', 0, 0, '2024-03-15 09:20:43', ''),
	(323, 4234, '::1', 'oliver', '1234', 0, 0, '2024-03-15 09:30:02', ''),
	(324, 3895, '::1', 'kevin', '1234', 0, 0, '2024-03-15 09:31:23', ''),
	(325, 6159, '::1', 'admin', 'admin', 0, 0, '2024-03-15 09:50:28', ''),
	(326, 2157, '::1', 'kevin', '1234', 0, 0, '2024-03-15 10:38:56', ''),
	(327, 2153, '::1', 'oliver', '1234', 0, 0, '2024-03-15 10:43:05', ''),
	(328, 8996, '::1', 'admin', 'admin', 0, 0, '2024-03-15 10:45:23', ''),
	(329, 6607, '::1', 'admin', 'admin', 0, 0, '2024-03-15 10:48:31', ''),
	(330, 2977, '::1', 'Vladi', '12345', 0, 1, '2024-03-15 10:50:12', ''),
	(331, 2262, '::1', 'Vladi', '1234', 0, 0, '2024-03-15 10:50:17', ''),
	(332, 6563, '::1', 'admin', 'admin', 0, 0, '2024-03-15 10:50:43', ''),
	(333, 8118, '::1', 'Hiram', '1234', 0, 0, '2024-03-15 10:53:47', ''),
	(334, 3289, '::1', 'admin', 'admin', 0, 0, '2024-03-15 10:54:04', ''),
	(335, 3412, '::1', 'Hiram', '1234', 0, 0, '2024-03-15 10:54:52', ''),
	(336, 3569, '::1', 'admin', 'admin', 0, 0, '2024-03-15 10:57:05', ''),
	(337, 1955, '::1', 'Erin', '1234', 0, 0, '2024-03-15 11:36:48', ''),
	(338, 4817, '::1', 'admin', 'admin', 0, 0, '2024-03-15 11:37:04', ''),
	(339, 6354, '::1', 'Erin', '1234', 0, 0, '2024-03-15 11:37:42', ''),
	(340, 4813, '::1', 'admin', 'admin', 0, 0, '2024-03-15 11:38:02', ''),
	(341, 5685, '::1', 'oliver', '1234', 0, 0, '2024-03-15 11:46:00', ''),
	(342, 3767, '::1', 'admin', 'admin', 0, 0, '2024-03-15 14:07:54', ''),
	(343, 3507, '::1', 'oliver', 'oliver', 0, 1, '2024-03-15 14:15:50', ''),
	(344, 7171, '::1', 'kevin', '1234', 0, 0, '2024-03-15 14:15:54', ''),
	(345, 2183, '::1', 'oliver', '1234', 0, 0, '2024-03-15 16:01:46', ''),
	(346, 3151, '::1', 'kevin', '1234', 0, 0, '2024-03-15 16:03:37', ''),
	(347, 2532, '::1', 'vladi', '1234', 0, 0, '2024-03-15 16:05:34', ''),
	(348, 1165, '::1', 'oliver', '1234', 0, 0, '2024-03-15 16:06:01', ''),
	(349, 6963, '::1', 'kevin', '1234', 0, 0, '2024-03-15 16:06:44', ''),
	(350, 4040, '::1', 'oliver', '1234', 0, 0, '2024-03-15 16:34:49', ''),
	(351, 3247, '::1', 'kevin', '1234', 0, 0, '2024-03-15 16:41:11', ''),
	(352, 6546, '::1', 'admin', 'admin', 0, 0, '2024-03-18 09:35:47', ''),
	(353, 6261, '::1', 'admin', 'admin', 0, 0, '2024-03-18 12:56:21', ''),
	(354, 2987, '::1', 'ronald', '1234', 0, 0, '2024-03-18 14:30:15', ''),
	(355, 1174, '::1', 'admin', 'admin', 0, 0, '2024-03-18 14:30:33', ''),
	(356, 1501, '::1', 'ronald', '1234', 0, 0, '2024-03-18 14:38:32', ''),
	(357, 4108, '::1', 'kevin', '1234', 0, 0, '2024-03-18 14:48:06', ''),
	(358, 6229, '::1', 'oliver', '1234', 0, 0, '2024-03-18 14:48:22', ''),
	(359, 1354, '::1', 'admin', 'admin', 0, 0, '2024-03-18 14:49:56', ''),
	(360, 3790, '::1', 'ronald', '1234', 0, 0, '2024-03-18 14:53:28', ''),
	(361, 4049, '::1', 'admin', 'admin', 0, 0, '2024-03-18 16:10:41', ''),
	(362, 4631, '::1', 'admin', 'admin', 0, 0, '2024-03-19 09:05:14', ''),
	(363, 3488, '::1', 'kevin', '1234', 0, 0, '2024-03-19 09:09:13', ''),
	(364, 6096, '::1', 'admin', 'admin', 0, 0, '2024-03-19 09:09:40', ''),
	(365, 8554, '::1', 'admin', 'admin', 0, 0, '2024-03-20 08:44:15', ''),
	(366, 7546, '::1', 'kevin', '1234', 0, 0, '2024-03-20 09:09:22', ''),
	(367, 6869, '::1', 'admin', 'admin', 0, 0, '2024-03-20 10:11:15', ''),
	(368, 4378, '::1', 'admin', 'admin', 0, 0, '2024-03-21 10:22:34', ''),
	(369, 6043, '::1', 'oliver', '1234', 0, 0, '2024-03-21 11:29:26', ''),
	(370, 8586, '::1', 'admin', 'admin', 0, 0, '2024-03-21 11:40:05', ''),
	(371, 5665, '::1', 'admin', 'admin', 0, 0, '2024-03-21 11:40:27', ''),
	(372, 3195, '::1', 'admin', 'admin', 0, 0, '2024-03-21 11:40:45', ''),
	(373, 6138, '::1', 'oliver', '1234', 0, 0, '2024-03-21 11:41:04', ''),
	(374, 2203, '::1', 'kevin', '1234', 0, 0, '2024-03-21 11:46:14', ''),
	(375, 7130, '::1', 'oliver', '1234', 0, 0, '2024-03-21 11:47:56', ''),
	(376, 5230, '::1', 'admin', 'admin', 0, 0, '2024-03-21 11:48:48', ''),
	(377, 7918, '::1', 'admin', 'admin', 0, 0, '2024-03-21 12:38:05', ''),
	(378, 2716, '::1', 'oliver', '1234', 0, 0, '2024-03-21 12:39:16', ''),
	(379, 3111, '::1', 'admin', 'admin', 0, 0, '2024-03-21 12:39:28', ''),
	(380, 3640, '::1', 'oliver', '1234', 0, 0, '2024-03-21 12:42:54', ''),
	(381, 5574, '::1', 'admin', 'admin', 0, 0, '2024-03-21 12:45:58', ''),
	(382, 2678, '::1', 'oliver', '1234', 0, 0, '2024-03-21 12:46:22', ''),
	(383, 5953, '::1', 'kevin', '1234', 0, 0, '2024-03-21 12:50:14', ''),
	(384, 6025, '::1', 'admin', 'admin', 0, 0, '2024-03-21 12:51:24', ''),
	(385, 8412, '::1', 'kevin', '1234', 0, 0, '2024-03-21 12:57:56', ''),
	(386, 6935, '::1', 'vladi', '1234', 0, 0, '2024-03-21 13:02:31', ''),
	(387, 3640, '::1', 'kevin', '134', 0, 1, '2024-03-21 13:03:26', ''),
	(388, 7183, '::1', 'kevin', '1234', 0, 0, '2024-03-21 13:03:28', ''),
	(389, 8369, '::1', 'admin', 'admin', 0, 0, '2024-03-21 13:06:22', ''),
	(390, 4905, '::1', 'admin', 'admin', 0, 0, '2024-03-21 14:42:39', ''),
	(391, 3983, '::1', 'ronald', '1234', 0, 0, '2024-03-21 14:43:14', ''),
	(392, 2624, '::1', 'admin', 'admin', 0, 0, '2024-03-22 08:51:43', ''),
	(393, 7833, '::1', 'admin', 'admin', 0, 0, '2024-03-22 08:52:18', ''),
	(394, 7306, '::1', 'kevin', '1234', 0, 0, '2024-03-22 09:27:57', ''),
	(395, 6406, '::1', 'kevin', '1234', 0, 0, '2024-03-22 13:13:43', ''),
	(396, 1557, '::1', 'admin', 'admin', 0, 0, '2024-03-25 09:14:25', ''),
	(397, 3832, '::1', 'admin', 'admin', 0, 0, '2024-03-25 09:37:18', ''),
	(398, 6051, '::1', 'kevin', '1234', 0, 0, '2024-03-25 12:58:05', ''),
	(399, 3746, '::1', 'kevin', '1234', 0, 0, '2024-03-25 14:15:53', ''),
	(400, 1512, '::1', 'admin', 'admin', 0, 0, '2024-03-25 15:03:55', ''),
	(401, 3438, '::1', 'kevin', '1234', 0, 0, '2024-03-25 15:04:13', ''),
	(402, 4483, '::1', 'admin', 'admin', 0, 0, '2024-03-25 15:04:45', ''),
	(403, 2459, '::1', 'kevin', '1234', 0, 0, '2024-03-25 15:04:55', ''),
	(404, 1110, '::1', 'admin', 'admin', 0, 0, '2024-03-26 13:25:47', ''),
	(405, 4523, '::1', 'admin', 'admin', 0, 0, '2024-03-26 13:59:26', ''),
	(406, 2060, '::1', 'admin', 'admin', 0, 0, '2024-03-26 14:00:17', ''),
	(407, 3559, '::1', 'admin', 'admin', 0, 0, '2024-03-26 14:01:35', ''),
	(408, 5740, '::1', 'kevin', '1234', 0, 0, '2024-03-26 15:11:09', ''),
	(409, 1622, '::1', 'admin', 'admin', 0, 0, '2024-03-26 16:32:35', ''),
	(410, 1963, '::1', 'admin', 'admin', 0, 0, '2024-03-26 16:50:16', ''),
	(411, 2875, '::1', 'kevin', '1234', 0, 0, '2024-03-26 17:18:21', ''),
	(412, 1789, '::1', 'admin', 'admin', 0, 0, '2024-03-27 09:07:25', ''),
	(413, 4102, '::1', 'admin', 'admin', 0, 0, '2024-04-01 09:10:06', ''),
	(414, 1932, '::1', 'admin', 'admin', 0, 0, '2024-04-01 09:48:15', ''),
	(415, 6387, '::1', 'kevin', '1234', 0, 0, '2024-04-01 15:11:55', ''),
	(416, 2371, '::1', 'kevin', '1234', 0, 0, '2024-04-01 15:16:12', ''),
	(417, 5626, '::1', 'vladi', '1234', 0, 0, '2024-04-01 15:25:31', ''),
	(418, 8934, '::1', 'admin', 'admin', 0, 0, '2024-04-01 15:25:42', ''),
	(419, 5395, '::1', 'vladi', '1234', 0, 0, '2024-04-01 15:26:32', ''),
	(420, 2113, '::1', 'admin', 'admin', 0, 0, '2024-04-01 15:27:38', ''),
	(421, 4332, '::1', 'vladi', '1234', 0, 0, '2024-04-01 15:28:15', ''),
	(422, 8024, '::1', 'admin', 'admin', 0, 0, '2024-04-01 15:28:29', ''),
	(423, 8850, '::1', 'vladi', '1234', 0, 0, '2024-04-01 15:29:01', ''),
	(424, 2347, '::1', 'kevin', '123', 0, 1, '2024-04-02 09:23:47', ''),
	(425, 4419, '::1', 'kevin', '1234', 0, 0, '2024-04-02 09:23:52', ''),
	(426, 8928, '::1', 'admin', 'admin', 0, 0, '2024-04-02 14:27:19', ''),
	(427, 4830, '::1', 'admin', 'admin', 0, 0, '2024-04-02 15:17:46', ''),
	(428, 3040, '::1', 'kevin', '1234', 0, 0, '2024-04-02 16:05:07', ''),
	(429, 1356, '::1', 'admin', 'admin', 0, 0, '2024-04-02 16:29:11', ''),
	(430, 8391, '::1', 'kevin', '1234', 0, 0, '2024-04-02 16:29:39', ''),
	(431, 2373, '::1', 'ronald', '1234', 0, 0, '2024-04-02 17:02:54', ''),
	(432, 1429, '::1', 'kevin', '1234', 0, 0, '2024-04-02 17:03:41', ''),
	(433, 2957, '::1', 'kevin', '1234', 0, 0, '2024-04-03 09:18:38', ''),
	(434, 3812, '::1', 'admin', 'admin', 0, 0, '2024-04-03 09:42:48', ''),
	(435, 2350, '::1', 'kevin', '1234', 0, 0, '2024-04-03 09:43:04', ''),
	(436, 6524, '::1', 'admin', 'admin', 0, 0, '2024-04-03 10:42:15', ''),
	(437, 8317, '::1', 'kevin', '1234', 0, 0, '2024-04-03 10:42:37', ''),
	(438, 2158, '::1', 'admin', 'admin', 0, 0, '2024-04-03 11:20:06', ''),
	(439, 5304, '::1', 'admin', 'admin', 0, 0, '2024-04-03 11:32:30', ''),
	(440, 2931, '::1', 'kevin', '1234', 0, 0, '2024-04-03 11:33:09', ''),
	(441, 4696, '::1', 'admin', 'admin', 0, 0, '2024-04-03 11:33:48', ''),
	(442, 5623, '::1', 'admin', 'admin', 0, 0, '2024-04-03 11:38:45', ''),
	(443, 5701, '::1', 'admin', 'admin', 0, 0, '2024-04-03 11:41:20', ''),
	(444, 5637, '::1', 'admin', 'admin', 0, 0, '2024-04-03 11:43:59', ''),
	(445, 3362, '::1', 'admin', 'admin', 0, 0, '2024-04-03 11:45:46', ''),
	(446, 6781, '::1', 'admin', 'admin', 0, 0, '2024-04-03 11:46:46', ''),
	(447, 4072, '::1', 'kevin', '1234', 0, 0, '2024-04-03 11:52:24', ''),
	(448, 4656, '::1', 'kevin', '1234', 0, 0, '2024-04-03 14:18:14', ''),
	(449, 2001, '::1', 'admin', 'admin', 0, 0, '2024-04-03 15:04:05', ''),
	(450, 8741, '::1', 'ronald', '1234', 0, 0, '2024-04-03 16:16:11', ''),
	(451, 8132, '::1', 'kevin', '1234', 0, 0, '2024-04-03 16:21:22', ''),
	(452, 3257, '::1', 'kevin', '1234', 0, 0, '2024-04-03 16:27:03', ''),
	(453, 5468, '::1', 'admin', 'admin', 0, 0, '2024-04-03 16:37:46', ''),
	(454, 6059, '::1', 'kevin', '1234', 0, 0, '2024-04-03 16:38:07', ''),
	(455, 3590, '::1', 'admin', 'admin', 0, 0, '2024-04-03 16:43:42', ''),
	(456, 4670, '::1', 'admin', 'admin', 0, 0, '2024-04-03 16:47:30', ''),
	(457, 1395, '::1', 'kevin', '1234', 0, 0, '2024-04-03 16:48:52', ''),
	(458, 5984, '::1', 'kevin', '2134', 0, 1, '2024-04-03 16:51:49', ''),
	(459, 4049, '::1', 'kevin', '1234', 0, 0, '2024-04-03 16:51:55', ''),
	(460, 1181, '::1', 'admin', 'admin', 0, 0, '2024-04-03 16:52:04', ''),
	(461, 1254, '::1', 'admin', 'admin', 0, 0, '2024-04-04 09:11:03', ''),
	(462, 3134, '::1', 'admin', 'admin', 0, 0, '2024-04-04 09:13:20', ''),
	(463, 5287, '::1', 'admin', 'admin', 0, 0, '2024-04-04 09:58:40', ''),
	(464, 3309, '::1', 'kevin', '1234', 0, 0, '2024-04-04 09:59:05', ''),
	(465, 7568, '::1', 'admin', '1234', 0, 0, '2024-04-04 10:27:42', ''),
	(466, 6126, '::1', 'kevin', '1234', 0, 0, '2024-04-04 10:27:59', ''),
	(467, 8183, '::1', 'admin', 'admin', 0, 0, '2024-04-04 10:30:18', ''),
	(468, 2496, '::1', 'ronald', '1234', 0, 0, '2024-04-04 10:30:57', ''),
	(469, 2620, '::1', 'oliver', '1234', 0, 0, '2024-04-04 11:03:47', ''),
	(470, 8816, '::1', 'admin', 'admin', 0, 0, '2024-04-04 11:04:36', ''),
	(471, 2067, '::1', 'kevin', '1234', 0, 0, '2024-04-04 11:05:05', ''),
	(472, 8997, '::1', 'oliver', '1234', 0, 0, '2024-04-04 11:05:50', ''),
	(473, 8567, '::1', 'vladi', '1234', 0, 0, '2024-04-04 11:06:17', ''),
	(474, 3469, '::1', 'kevin', '1234', 0, 0, '2024-04-04 11:11:03', ''),
	(475, 8759, '::1', 'kevin', '2134', 0, 1, '2024-04-04 11:15:48', ''),
	(476, 1146, '::1', 'kevin', '1234', 0, 0, '2024-04-04 11:15:52', ''),
	(477, 1812, '::1', 'vladi', '1234', 0, 0, '2024-04-04 11:16:00', ''),
	(478, 8486, '::1', 'admin', 'admin', 0, 0, '2024-04-04 11:16:48', ''),
	(479, 1908, '::1', 'kevin', '1234', 0, 0, '2024-04-04 11:16:58', ''),
	(480, 8835, '::1', 'kevin', '1234', 0, 0, '2024-04-04 12:00:19', ''),
	(481, 2825, '::1', 'kevin', '2134', 0, 1, '2024-04-04 15:38:02', ''),
	(482, 6229, '::1', 'kevin', '1234', 0, 0, '2024-04-04 15:38:06', ''),
	(483, 8915, '::1', 'vladi', '1234', 0, 0, '2024-04-04 15:45:23', ''),
	(484, 6366, '::1', 'admin', 'admin', 0, 0, '2024-04-05 09:26:07', ''),
	(485, 8492, '::1', 'kevin', '1234', 0, 0, '2024-04-05 09:26:50', ''),
	(486, 8417, '::1', 'admin', 'admin', 0, 0, '2024-04-05 10:48:38', ''),
	(487, 7880, '::1', 'kevin', '1234', 0, 0, '2024-04-05 10:48:49', ''),
	(488, 3056, '::1', 'admin', 'admin', 0, 0, '2024-04-05 11:02:31', ''),
	(489, 3004, '::1', 'kevin', '1234', 0, 0, '2024-04-05 13:03:17', ''),
	(490, 1468, '::1', 'ronald', '1234', 0, 0, '2024-04-05 13:14:45', ''),
	(491, 5385, '::1', 'admin', 'admin', 0, 0, '2024-04-05 14:41:45', ''),
	(492, 4842, '::1', 'admin', 'admin', 0, 0, '2024-04-08 09:19:48', ''),
	(493, 1754, '::1', 'kevin', '1234', 0, 0, '2024-04-08 09:47:02', ''),
	(494, 6839, '::1', 'kevin', '1234', 0, 0, '2024-04-08 13:33:12', ''),
	(495, 2257, '::1', 'admin', 'admin', 0, 0, '2024-04-08 14:17:37', ''),
	(496, 3074, '::1', 'kevin', '1234', 0, 0, '2024-04-08 15:27:56', ''),
	(497, 6516, '::1', 'kevin', '1234', 0, 0, '2024-04-08 16:30:55', ''),
	(498, 3692, '::1', 'ronald', '1234', 0, 0, '2024-04-08 16:53:53', ''),
	(499, 2482, '::1', 'admin', 'admin', 0, 0, '2024-04-08 19:42:44', ''),
	(500, 2446, '::1', 'kevin', '1234', 0, 0, '2024-04-08 19:43:21', ''),
	(501, 3381, '::1', 'admin', 'admin', 0, 0, '2024-04-09 09:36:36', ''),
	(502, 1912, '::1', 'admin', 'admin', 0, 0, '2024-04-09 09:37:30', ''),
	(503, 3749, '::1', 'admin', 'admin', 0, 0, '2024-04-09 09:41:58', ''),
	(504, 2630, '::1', 'kevin', '1234', 0, 0, '2024-04-09 09:42:08', ''),
	(505, 6865, '::1', 'kevin', '1234', 0, 0, '2024-04-09 11:23:03', ''),
	(506, 1916, '::1', 'admin', 'admin', 0, 0, '2024-04-09 11:28:23', ''),
	(507, 8334, '::1', 'kevin', '1234', 0, 0, '2024-04-09 11:50:59', ''),
	(508, 8290, '::1', 'ronald', '1234', 0, 0, '2024-04-09 11:52:01', ''),
	(509, 4323, '::1', 'kevin@gmail.com', '1234', 0, 0, '2024-04-09 20:48:22', ''),
	(510, 2121, '::1', 'kevin', '1234', 0, 1, '2024-04-09 20:48:41', ''),
	(511, 5994, '::1', 'kevin@gmail.com', '1234', 0, 0, '2024-04-09 20:48:50', ''),
	(512, 1852, '::1', 'tangguanronald@gmail.com', 'ronald', 0, 1, '2024-04-09 21:12:07', ''),
	(513, 8357, '::1', 'tangguanronald@gmail.com', 'ronald', 0, 1, '2024-04-09 21:12:16', ''),
	(514, 5057, '::1', 'tangguanronald@gmail.com', 'ronald', 0, 1, '2024-04-09 21:37:37', ''),
	(515, 5876, '::1', 'tangguanronald@gmail.com', 'ronald', 0, 1, '2024-04-09 21:38:09', ''),
	(516, 3311, '::1', 'tangguanronald@gmail.com', 'ronald', 0, 1, '2024-04-09 22:04:04', ''),
	(517, 4537, '::1', 'tangguanronald@gmail.com', 'ronald', 0, 1, '2024-04-09 22:15:50', ''),
	(518, 1366, '::1', 'tangguanronald@gmail.com', 'ronald', 0, 1, '2024-04-09 23:27:04', ''),
	(519, 5214, '::1', 'tangguanronald@gmail.com', 'ronald', 0, 1, '2024-04-09 23:27:21', ''),
	(520, 3392, '::1', 'tangguanronald@gmail.com', 'ronald', 0, 1, '2024-04-10 09:33:48', ''),
	(521, 8837, '::1', 'tangguanronald@gmail.com', '1234', 0, 1, '2024-04-10 09:34:00', ''),
	(522, 6825, '::1', 'tangguanronald@gmail.com', 'ronald', 0, 1, '2024-04-10 09:40:54', ''),
	(523, 8128, '::1', 'tangguanronald@gmail.com', '1234', 0, 1, '2024-04-10 09:40:59', ''),
	(524, 8022, '::1', 'tangguanronald@gmail.com', '1234', 0, 0, '2024-04-10 09:42:49', ''),
	(525, 4093, '::1', 'kevin@gmail.com', '1234', 0, 0, '2024-04-10 09:48:48', ''),
	(526, 8572, '::1', 'tangguanronald@gmail.com', '1234', 0, 0, '2024-04-10 09:49:15', ''),
	(527, 7816, '::1', 'kevin@gmail.com', '1234', 0, 0, '2024-04-10 09:52:02', ''),
	(528, 1835, '::1', 'kevin', '1234', 0, 1, '2024-04-10 09:52:44', ''),
	(529, 4226, '::1', 'kevin@gmail.com', '1234', 0, 0, '2024-04-10 09:53:00', ''),
	(530, 8871, '::1', 'tangguanronald@gmail.com', '1234', 0, 0, '2024-04-10 09:54:15', ''),
	(531, 3354, '::1', 'kevin@gmail.com', '1234', 0, 0, '2024-04-10 10:09:24', ''),
	(532, 1869, '::1', 'kevin', '1234', 0, 1, '2024-04-10 10:13:45', ''),
	(533, 3694, '::1', 'kevin', '1234', 0, 1, '2024-04-10 10:13:49', ''),
	(534, 6485, '::1', 'kevin@gmail.com', '1234', 0, 0, '2024-04-10 10:14:18', ''),
	(535, 8571, '::1', 'kevin', '1234', 0, 0, '2024-04-10 11:11:30', ''),
	(536, 8359, '::1', 'admin', 'admin', 0, 0, '2024-04-10 11:12:39', ''),
	(537, 4394, '::1', 'kevin', '1234', 0, 1, '2024-04-10 11:13:07', ''),
	(538, 8474, '::1', 'kevin', '1234', 0, 0, '2024-04-10 11:13:15', ''),
	(539, 7971, '::1', 'kevin', '1234', 0, 0, '2024-04-10 11:14:55', ''),
	(540, 2241, '::1', 'admin', 'admin', 0, 0, '2024-04-10 11:16:54', ''),
	(541, 5175, '::1', 'tangguanronald@gmail.com', 'ronald', 0, 1, '2024-04-10 11:49:51', ''),
	(542, 3204, '::1', 'tangguanronald@gmail.com', '1234', 0, 0, '2024-04-10 11:50:01', ''),
	(543, 5497, '::1', 'tangguanronald@gmail.com', '1234', 0, 0, '2024-04-10 11:54:10', ''),
	(544, 3711, '::1', 'tangguanronald@gmail.com', 'ronald', 0, 1, '2024-04-10 11:55:49', ''),
	(545, 8502, '::1', 'tangguanronald@gmail.com', 'ronald', 0, 1, '2024-04-10 11:56:00', ''),
	(546, 4885, '::1', 'tangguanronald@gmail.com', '1234', 0, 0, '2024-04-10 11:56:17', ''),
	(547, 3336, '::1', 'tangguanronald@gmail.com', 'ronald', 0, 0, '2024-04-10 12:00:35', ''),
	(548, 5903, '::1', 'tangguanronald@gmail.com', 'ronald', 0, 0, '2024-04-10 17:28:54', ''),
	(549, 2716, '::1', 'tangguanronald@gmail.com', 'ronald', 0, 1, '2024-04-11 10:08:43', ''),
	(550, 3495, '::1', 'tangguanronald@gmail.com', '1234', 0, 0, '2024-04-11 10:08:49', ''),
	(551, 8777, '::1', 'vladi', '1234', 0, 1, '2024-04-11 10:17:25', ''),
	(552, 5421, '::1', 'vladi', '1234', 0, 1, '2024-04-11 10:18:42', ''),
	(553, 6787, '::1', 'vladi', '1234', 0, 1, '2024-04-11 10:18:52', ''),
	(554, 7229, '::1', 'vladi', '1234', 0, 1, '2024-04-11 10:19:46', ''),
	(555, 3154, '::1', 'vladi', '1234', 0, 1, '2024-04-11 10:19:57', ''),
	(556, 5509, '::1', 'tangguanronald@gmail.com', 'ronald', 0, 1, '2024-04-11 10:20:30', ''),
	(557, 6673, '::1', 'tangguanronald@gmail.com', '1234', 0, 0, '2024-04-11 10:20:39', ''),
	(558, 2591, '::1', 'kevin', '1234', 0, 1, '2024-04-11 10:40:27', ''),
	(559, 2866, '::1', 'kevin', '1234', 0, 1, '2024-04-11 10:40:32', ''),
	(560, 5139, '::1', 'kevin@gmail.com', '1234', 0, 1, '2024-04-11 10:40:47', ''),
	(561, 8902, '::1', 'kevin', '1234', 0, 1, '2024-04-11 10:40:56', ''),
	(562, 3218, '::1', 'kevin', '1234', 0, 1, '2024-04-11 10:42:47', ''),
	(563, 7510, '::1', 'kevin', '1234', 0, 1, '2024-04-11 10:42:51', ''),
	(564, 8412, '::1', 'kevin', '1234', 0, 0, '2024-04-11 10:44:37', ''),
	(565, 3977, '::1', 'tangguanronald@gmail.com', 'ronald', 0, 0, '2024-04-11 11:03:52', ''),
	(566, 3470, '::1', 'tangguanronald@gmail.com', 'rognvaldr17', 0, 1, '2024-04-11 12:10:01', ''),
	(567, 4735, '::1', 'tangguanronald@gmail.com', '1234', 0, 1, '2024-04-11 12:10:13', ''),
	(568, 5403, '::1', 'tangguanronald@gmail.com', 'ronald', 0, 0, '2024-04-11 12:10:20', ''),
	(569, 5233, '::1', 'kevin', '1234', 0, 0, '2024-04-11 13:41:38', ''),
	(570, 2500, '::1', 'tangguanronald@gmail.com', '1234', 0, 1, '2024-04-11 14:43:07', ''),
	(571, 6589, '::1', 'tangguanronald@gmail.com', 'ronald', 0, 0, '2024-04-11 14:43:18', ''),
	(572, 4829, '::1', 'tangguanronald@gmail.com', 'ronald', 0, 0, '2024-04-11 16:45:22', ''),
	(573, 6863, '::1', 'tangguanronald@gmail.com', 'ronald', 0, 0, '2024-04-12 12:50:11', ''),
	(574, 2337, '::1', 'tangguanronald@gmail.com', 'ronald', 0, 0, '2024-04-12 14:03:01', ''),
	(575, 1374, '::1', 'tangguanronald@gmail.com', 'ronald', 0, 0, '2024-04-12 16:13:03', ''),
	(576, 7556, '::1', 'kevin', '1234', 0, 0, '2024-04-12 16:33:55', ''),
	(577, 3471, '::1', 'kevin', '1234', 0, 0, '2024-04-15 09:29:33', ''),
	(578, 7001, '::1', 'tangguanronald@gmail.com', 'ronald', 0, 0, '2024-04-16 09:37:46', ''),
	(579, 6320, '::1', 'kevin', '1234', 0, 0, '2024-04-16 09:37:56', ''),
	(580, 6762, '::1', 'kevin', '1234', 0, 0, '2024-04-16 09:56:11', ''),
	(581, 7210, '::1', 'tangguanronald@gmail.com', 'ronald', 0, 0, '2024-04-16 11:08:25', ''),
	(582, 7919, '::1', 'kevin', '1234', 0, 0, '2024-04-16 11:09:06', ''),
	(583, 2089, '::1', 'admin', 'admin', 0, 1, '2024-04-16 13:48:58', ''),
	(584, 3824, '::1', 'admin', 'admin', 0, 1, '2024-04-16 13:49:01', ''),
	(585, 1371, '::1', 'admin', 'admin', 0, 1, '2024-04-16 13:49:33', ''),
	(586, 3158, '::1', 'admin', '1234', 0, 1, '2024-04-16 13:50:15', ''),
	(587, 3901, '::1', 'admin', '1234', 0, 1, '2024-04-16 13:50:18', ''),
	(588, 2776, '::1', 'admin', '1234', 0, 0, '2024-04-16 13:50:42', ''),
	(589, 6479, '::1', 'kevin', '1234', 0, 0, '2024-04-16 14:39:04', ''),
	(590, 3665, '::1', 'kevin', '1234', 0, 0, '2024-04-16 14:42:07', ''),
	(591, 6064, '::1', 'admin', '1234', 0, 0, '2024-04-16 14:43:27', ''),
	(592, 4279, '::1', 'kevin', '1234', 0, 0, '2024-04-16 14:43:41', ''),
	(593, 3329, '::1', 'kevin', '1234', 0, 1, '2024-04-16 14:54:09', ''),
	(594, 7404, '::1', 'kevin@gmail.com', '1234', 0, 0, '2024-04-16 14:54:30', ''),
	(595, 2421, '::1', 'kevin', '1234', 0, 0, '2024-04-16 15:00:48', ''),
	(596, 8255, '::1', 'admin', 'admin', 0, 1, '2024-04-16 15:04:45', ''),
	(597, 2394, '::1', 'admin', '1234', 0, 0, '2024-04-16 15:04:48', ''),
	(598, 6902, '::1', 'kevin', '1234', 0, 0, '2024-04-16 15:31:33', ''),
	(599, 3167, '::1', 'tangguanronald@gmail.com', 'ronald', 0, 0, '2024-04-17 08:49:24', ''),
	(600, 4334, '::1', 'admin', 'admin', 0, 1, '2024-04-17 11:50:37', ''),
	(601, 7338, '::1', 'admin', '1234', 0, 0, '2024-04-17 11:50:42', ''),
	(602, 3800, '::1', 'kevin', '1234', 0, 0, '2024-04-17 11:51:30', ''),
	(603, 5583, '::1', 'oliver', '1234', 0, 0, '2024-04-17 12:02:51', ''),
	(604, 7021, '::1', 'admin', '1234', 0, 0, '2024-04-17 12:04:35', ''),
	(605, 2759, '::1', 'oliver', '1234', 0, 0, '2024-04-17 12:08:57', ''),
	(606, 6794, '::1', 'kevin', '1234', 0, 0, '2024-04-17 12:16:34', ''),
	(607, 6279, '::1', 'oliver', '1234', 0, 0, '2024-04-17 12:17:29', ''),
	(608, 7216, '::1', 'admin', 'admin', 0, 1, '2024-04-17 12:17:39', ''),
	(609, 1973, '::1', 'admin', '1234', 0, 0, '2024-04-17 12:17:43', ''),
	(610, 4515, '::1', 'oliver', '1234', 0, 0, '2024-04-17 12:18:03', ''),
	(611, 4736, '::1', 'kevin', '1234', 0, 0, '2024-04-18 09:38:15', ''),
	(612, 3340, '::1', 'tangguanronald@gmail.com', '1234', 0, 1, '2024-04-18 09:39:09', ''),
	(613, 2778, '::1', 'tangguanronald@gmail.com', 'ronald', 0, 0, '2024-04-18 09:39:18', ''),
	(614, 6903, '::1', 'kevin', '1234', 0, 0, '2024-04-18 10:36:11', ''),
	(615, 2458, '::1', 'admin', 'admin', 0, 1, '2024-04-22 09:53:35', ''),
	(616, 2940, '::1', 'admin', '1234', 0, 0, '2024-04-22 09:53:40', ''),
	(617, 5310, '::1', 'kevin', '1234', 0, 0, '2024-04-22 10:49:20', ''),
	(618, 5531, '::1', 'tangguanronald@gmail.com', 'ronald', 0, 0, '2024-04-22 11:08:42', ''),
	(619, 1841, '::1', 'admin', '1234', 0, 0, '2024-04-22 14:22:52', ''),
	(620, 1556, '::1', 'admin', '1234', 0, 0, '2024-04-22 14:59:02', ''),
	(621, 7822, '::1', 'admin', '1234', 0, 0, '2024-04-23 09:16:31', ''),
	(622, 1511, '::1', 'admin', 'admin', 0, 1, '2024-04-23 09:54:58', ''),
	(623, 4569, '::1', 'admin', '1234', 0, 0, '2024-04-23 09:55:03', ''),
	(624, 4544, '::1', 'admin', 'admin', 0, 1, '2024-04-23 11:19:29', ''),
	(625, 2595, '::1', 'admin', 'admin', 0, 1, '2024-04-23 11:19:32', ''),
	(626, 4501, '::1', 'admin', '1234', 0, 0, '2024-04-23 11:19:35', ''),
	(627, 8054, '::1', 'kevin', '1234', 0, 0, '2024-04-23 11:39:31', ''),
	(628, 4612, '::1', 'admin', 'admin', 0, 1, '2024-04-23 11:55:08', ''),
	(629, 6689, '::1', 'admin', '1234', 0, 0, '2024-04-23 11:55:13', ''),
	(630, 2393, '::1', 'kevin', '1234', 0, 0, '2024-04-23 14:54:56', ''),
	(631, 8583, '::1', 'tangguanronald@gmail.com', 'ronald', 0, 0, '2024-04-23 15:55:27', ''),
	(632, 5074, '::1', 'admin', '1234', 0, 0, '2024-04-23 15:55:42', ''),
	(633, 4515, '::1', 'kevin', '1234', 0, 0, '2024-04-23 15:55:49', ''),
	(634, 8899, '::1', 'kevin', '1234', 0, 0, '2024-04-24 09:35:02', ''),
	(635, 6800, '::1', 'admin', '1234', 0, 0, '2024-04-24 09:35:28', ''),
	(636, 2359, '::1', 'kevin', '1234\'', 0, 1, '2024-04-24 09:35:34', ''),
	(637, 4046, '::1', 'kevin', '1234', 0, 0, '2024-04-24 09:35:37', ''),
	(638, 1461, '::1', 'tangguanronald@gmail.com', 'ronald', 0, 0, '2024-04-24 15:40:03', ''),
	(639, 2841, '::1', 'admin', '1234', 0, 0, '2024-04-25 09:05:40', ''),
	(640, 3663, '::1', 'tangguanronald@gmail.com', '1234', 0, 1, '2024-04-25 09:05:50', ''),
	(641, 1789, '::1', 'tangguanronald@gmail.com', 'ronald', 0, 0, '2024-04-25 09:05:55', ''),
	(642, 8214, '::1', 'kevin', '1234', 0, 0, '2024-04-25 09:06:02', ''),
	(643, 1511, '::1', 'kevin', '1234', 0, 0, '2024-04-25 09:35:17', ''),
	(644, 5336, '::1', 'tangguanronald@gmail.com', '1234', 0, 1, '2024-04-25 10:38:32', ''),
	(645, 5456, '::1', 'tangguanronald@gmail.com', 'ronald', 0, 0, '2024-04-25 10:38:37', ''),
	(646, 1951, '::1', 'tangguanronald@gmail.com', 'ronald', 0, 0, '2024-04-25 13:41:06', ''),
	(647, 3830, '::1', 'kevin', '1234', 0, 0, '2024-04-25 13:41:13', ''),
	(648, 8692, '::1', 'tangguanronald@gmail.com', 'ronald', 0, 0, '2024-04-25 14:16:49', ''),
	(649, 2288, '::1', 'kevin', '1234', 0, 0, '2024-04-25 14:27:15', ''),
	(650, 4329, '::1', 'kevin', '1234', 0, 0, '2024-04-25 14:27:38', ''),
	(651, 5204, '::1', 'kevin', '1234', 0, 0, '2024-04-25 14:28:52', ''),
	(652, 2518, '::1', 'kevin', '1234', 0, 0, '2024-04-25 14:29:47', ''),
	(653, 2256, '::1', 'kevin', '1234', 0, 0, '2024-04-26 09:37:20', ''),
	(654, 8658, '::1', 'admin', '1234', 0, 0, '2024-04-26 09:37:38', ''),
	(655, 5388, '::1', 'kevin', '1234', 0, 0, '2024-04-26 09:37:46', ''),
	(656, 8414, '::1', 'tangguanronald@gmail.com', '1234', 0, 1, '2024-04-26 09:38:00', ''),
	(657, 4465, '::1', 'tangguanronald@gmail.com', 'ronald', 0, 0, '2024-04-26 09:38:06', ''),
	(658, 8847, '::1', 'tangguanronald@gmail.com', 'ronald', 0, 0, '2024-04-26 11:23:09', ''),
	(659, 2489, '::1', 'admin', 'admin', 0, 1, '2024-09-03 13:30:41', ''),
	(660, 1079, '::1', 'admin', '1234', 0, 0, '2024-09-03 13:32:41', ''),
	(661, 4726, '::1', 'admin', '1234', 0, 0, '2024-09-03 13:38:21', ''),
	(662, 5272, '::1', 'admin', '1234', 0, 0, '2024-09-03 13:47:07', ''),
	(663, 3226, '::1', 'admin', 'admin', 0, 1, '2024-09-06 14:48:39', ''),
	(664, 7304, '::1', 'admin', 'gamechanger', 0, 1, '2024-09-06 14:48:57', ''),
	(665, 4917, '::1', 'admin', 'admin', 0, 1, '2024-09-06 14:49:11', ''),
	(666, 5502, '::1', 'admin', '1234', 0, 0, '2024-09-06 14:49:38', ''),
	(667, 8686, '::1', 'admin', '1234', 0, 0, '2024-09-06 15:11:44', ''),
	(668, 1645, '::1', 'admin', 'gamechanger', 0, 1, '2024-09-09 09:33:20', ''),
	(669, 8287, '::1', 'admin', '1234', 0, 0, '2024-09-09 09:33:26', ''),
	(670, 3986, '::1', 'admin', 'admin', 0, 1, '2024-09-11 08:35:42', ''),
	(671, 7937, '::1', 'admin', '1234', 0, 0, '2024-09-11 08:35:47', ''),
	(672, 6557, '::1', 'admin', '1234', 0, 0, '2024-09-12 12:02:05', ''),
	(673, 2746, '::1', 'admin', '1234', 0, 0, '2024-09-12 13:10:51', ''),
	(674, 2070, '::1', 'admin', '1234', 0, 0, '2024-09-12 13:16:38', ''),
	(675, 2008, '::1', 'admin', '1234', 0, 0, '2024-09-12 13:16:51', ''),
	(676, 7976, '::1', '1234', '12321', 0, 1, '2024-09-12 13:17:04', ''),
	(677, 8140, '::1', 'admin', '1234', 0, 0, '2024-09-12 13:17:31', ''),
	(678, 6398, '::1', 'admin', '1234', 0, 0, '2024-09-12 13:35:51', ''),
	(679, 2673, '::1', 'admin', '1234', 0, 0, '2024-09-12 14:35:16', ''),
	(680, 8503, '::1', 'admin', '1234', 0, 0, '2024-09-12 14:35:38', ''),
	(681, 5859, '::1', 'admin', '1234', 0, 0, '2024-09-12 16:06:54', ''),
	(682, 6172, '::1', 'admin', 'admin', 0, 1, '2024-09-17 16:08:51', ''),
	(683, 3903, '::1', 'admin', 'gamechanger', 0, 1, '2024-09-17 16:08:57', ''),
	(684, 2089, '::1', 'admin', '1234', 0, 0, '2024-09-17 16:09:15', ''),
	(685, 1007, '::1', 'admin', '1234', 0, 0, '2024-09-18 11:25:53', ''),
	(686, 6880, '::1', 'errold`', '1234', 0, 1, '2024-09-18 11:26:44', ''),
	(687, 7469, '::1', 'errold', '1234', 0, 0, '2024-09-18 11:27:06', ''),
	(688, 1680, '::1', 'admin', '1234', 0, 0, '2024-09-18 11:36:06', ''),
	(689, 3148, '::1', 'admin', 'admin', 0, 1, '2024-09-23 09:11:43', ''),
	(690, 6508, '::1', 'admin', '1234', 0, 0, '2024-09-23 09:11:48', ''),
	(691, 2847, '::1', 'admin', '1234', 0, 0, '2024-09-24 10:10:59', ''),
	(692, 4400, '::1', 'admin', '1234', 0, 0, '2024-10-08 12:12:06', ''),
	(693, 8061, '::1', 'admin', '1234', 0, 0, '2024-10-15 14:33:54', '');
/*!40000 ALTER TABLE `tr_login_attempt` ENABLE KEYS */;

/*!40103 SET TIME_ZONE=IFNULL(@OLD_TIME_ZONE, 'system') */;
/*!40101 SET SQL_MODE=IFNULL(@OLD_SQL_MODE, '') */;
/*!40014 SET FOREIGN_KEY_CHECKS=IFNULL(@OLD_FOREIGN_KEY_CHECKS, 1) */;
/*!40101 SET CHARACTER_SET_CLIENT=@OLD_CHARACTER_SET_CLIENT */;
/*!40111 SET SQL_NOTES=IFNULL(@OLD_SQL_NOTES, 1) */;
